"","aar","01","01111","01112","01113","01114","01115","01116","01117","01118","01121","01122","01123","01124","01125","01126","01127","01128","01131","01132","01133","01134","01135","01136","01141","01142","01143","01144","01145","01146","01147","01151","01152","01153","01154","01155","01161","01162","01163","01164","01171","01172","01173","01174","01175","01176","01181","01182","01183","01184","01185","01186","01191","01192","01193","01194","01199","01211","01212","01213","01221","01222","01223","02","02111","02112","02121","02122","02123","02124","02131","02132","02133","02134","02201","02202","02203","02300","03","03110","03121","03122","03123","03131","03132","03141","03142","03211","03212","03213","03220","04","04110","04121","04210","04220","04310","04321","04322","04323","04324","04325","04329","04410","04420","04430","04442","04449","04510","04521","04522","04530","04541","04549","04550","05","05111","05112","05113","05119","05121","05122","05123","05130","05201","05202","05203","05204","05209","05311","05312","05313","05314","05315","05319","05321","05322","05323","05324","05329","05330","05401","05402","05403","05511","05512","05521","05522","05523","05611","05612","05621","05623","05629","06","06110","06121","06129","06131","06132","06133","06139","06211","06212","06220","06231","06239","06300","07","07111","07112","07120","07130","07211","07212","07213","07221","07222","07223","07224","07230","07241","07242","07243","07311","07312","07321","07322","07331","07332","07341","07350","07362","07369","08","08101","08201","08202","08204","08301","08302","08303","08304","09","09111","09112","09119","09121","09123","09131","09132","09133","09134","09141","09142","09149","09150","09211","09213","09214","09215","09221","09230","09311","09312","09321","09322","09323","09331","09332","09341","09342","09350","09411","09412","09421","09422","09423","09424","09425","09429","09430","09511","09512","09513","09514","09521","09522","09530","09541","09549","09601","09602","10","10102","10200","10400","10500","11","11111","11112","11120","11201","11202","11203","12","12111","12112","12113","12121","12122","12131","12132","12200","12311","12312","12313","12321","12322","12323","12329","12401","12403","12510","12520","12532","12541","12542","12550","12621","12622","12701","12702","12703","12704"
"1",1994,21332.06,87.98,107.19,1638.51,971.23,179.22,147.03,268.36,55.21,1393,761.02,50.17,499.84,8.08,26.21,940.32,1008.52,184.94,42.52,0,71.05,29.19,292.98,907.91,90.68,0,290.79,949.33,374.48,277.12,435.34,175.16,76.65,5.08,11.01,1000.12,1.91,145.31,31.08,1167.97,35.17,207.14,411.34,211.48,0.95,153.94,167.08,825.18,1093.12,476.5,3.62,300.17,104.77,94.28,56.9,72.06,714.72,111.4,24.61,76.02,1009.15,479.95,5869.27,332.92,0,987.71,4.44,23.6,0,1246.37,12.67,0.33,0,2497.28,166.09,597.86,0,7603.12,76.72,1753.25,2698.34,1067.22,182.43,75.32,290.57,1.52,502.97,598.26,354.88,1.64,36799.12,16330.99,33.21,6324.4,803.99,699.39,0,0,63.29,0,0,352.19,808.81,796.66,297.37,16.96,659.47,3592.7,586.87,10.94,1711.91,16.13,274.18,3419.66,9759.56,1847.34,25.47,47.29,467.28,1223.52,0,0,33.38,143.58,390.41,68.03,0,32.39,265.07,300.31,248.18,12.9,202.93,52.89,28.77,31.47,0,0,25.68,65.17,496.63,96.03,438.42,355.85,0,48.16,439.77,0,585.15,628.07,817.44,67.86,274.12,2425.1,898.71,13.08,42.38,298.02,0,0,0,55.05,0.34,874.61,0,242.91,0,16906.03,0,6433.75,171.6,541.51,0,414.3,0,61.47,2649.85,0,23.47,1933.68,153.41,860.48,201.21,0,0,0,272.82,5.91,597.52,95.61,2264.64,219.32,5.48,2965.96,163.6,48.03,235.71,0,2345.89,114.84,0,57.89,16408,922.17,1146.52,17.03,309.25,0,715.57,254.19,52.2,27.09,973.82,0,74.45,43.44,145.69,46.97,0,0,105.47,0,222.71,739.8,101.33,174.57,0,40.55,636.01,130.3,378.44,153.62,253.61,472.07,404.27,171.75,1335.01,373.72,241.55,0,898.84,804.58,194.45,27.78,0,810.45,732.75,106.76,105.74,173.58,0,1889.9,653.07,94.72,145.57,211.17,201.61,6030.6,4466.88,37.86,0,1193.9,307.82,24.14,10420.31,91.45,601.15,235.36,136.34,8.45,170.82,2140.97,0,250.55,99.41,11.98,221.61,79.6,0,38.42,1559.27,250.66,41.78,1567.27,197.49,1407.86,91.45,446.42,331.97,0,274.92,0,25.54,139.57
"2",1995,22810.96,181.75,129.29,1732.61,942.56,190.03,189.51,288.1,74.63,1546.87,770.86,75.9,485.58,2.85,26.94,975.19,986.34,139.39,87.91,0,50.65,54.26,354.71,974.12,94.72,0.68,352.35,1016.99,403.4,330.7,452,151.52,31.85,70.76,4.23,1009.55,7.25,180.35,51.74,1128.81,117.46,322.07,505.08,226.68,2.12,154.73,182.54,787.8,1124.52,558.02,4.41,327.33,118.96,138.49,54.72,80.37,706.18,119.11,29.55,91.18,1062.11,550.58,5326.88,351.85,0,831.05,4.03,25.55,0,1115.97,11.68,4.62,0,2299.49,111.43,571.21,0,7612.92,100.67,1517.69,2987.38,1106.5,212.27,55.43,253.39,1.22,339.06,586.55,449.66,3.1,35910.43,18614.62,24.47,5119.73,274.76,585.32,0,0,69.24,0,0,232.33,863.67,822.44,274.68,12.2,148.34,3534.52,402.55,24.42,814.76,0,252.76,3839.62,8101.29,2023.88,40.35,169.1,552.17,478.69,0,0,7.99,165.73,368.93,79.17,0,34.35,210.29,338.68,222.25,24.22,178.67,47.97,30.21,25.61,0,0,41.48,102.92,292.14,104.73,504.76,33.97,0,65.52,383.24,0,525.04,663.41,123.77,68.94,193.11,2424.69,797.58,45.86,40.43,310.09,0,0,0,42.03,2.24,926.17,0,260.29,0,19319.74,0,9624.17,110.17,517.1,0,327.83,0,176.32,2321.06,0,13.67,1519.11,74.18,811.38,210.17,0,0,0,304.29,24.36,684.23,238.38,2248.2,108.25,6.87,3797.84,176.17,65.09,271.25,0,3053.81,186.64,0,44.88,16319.89,742.75,654.64,5,211.48,0,848.15,66.61,22.03,17.19,1197.23,0,80.11,190.52,277.72,32.09,0,0,164.41,0,238.33,886.62,99.84,122.69,0,42.67,667.9,103.87,486.54,226.75,302.74,411.12,337.47,237.36,1339.54,400.9,179.55,0,753.79,649.52,157.38,22.48,0,970.28,920.81,158.51,138.22,215.45,332.23,1407.4,925.69,341.41,144.35,268.79,171.14,5806.01,4763.39,36.33,256.99,286.11,372.43,90.76,9931.5,224.17,447.15,263.93,87.34,12.56,168.31,2249.47,0,273.77,94.02,10.9,253.11,128.9,0,35.06,1545.81,201.2,60.64,1182.23,220.18,1186.7,80.95,377.97,328.8,53.22,132.42,88.39,45.18,179.12
"3",1996,21391.42,137.31,99.61,1695.09,853.8,191.77,183.29,283.62,75.07,1055.26,763.46,52.43,449.32,4.71,17,969.34,958.82,84.58,84.11,0,55.76,33.95,321.27,1011.72,114.6,0.85,355.42,935.87,371.42,299.44,472.07,149.68,23.32,53.02,5.32,943.69,5.33,158.26,47.59,934.84,99.98,318.4,423.37,223.76,2.33,167.66,138.87,765.2,1191.47,539.28,8.52,298.58,122,129.37,66.89,68.6,612.54,98.8,29.83,105.4,1168.07,560.49,5526.96,402.47,0,918.76,7.25,39.81,0,1143.25,9.85,2.42,0,2331.02,59.72,612.41,0,8153.37,40.79,1330.9,3607.99,1016.33,202.22,66.1,187.14,1.67,482.73,757.56,445.78,14.16,37901.54,19172.58,22.47,4829.3,319.4,1009.81,0,0,62.27,0,0,395.84,953,802.03,689.71,8.21,160.85,3743.87,955.84,21.11,899.48,0,196.71,3659.06,6986.2,1298.88,45.96,192.29,516.47,276.04,0,0,0,175.77,263.75,58.95,0,45.65,227.63,381.93,179.23,12.09,88.52,70.79,14.15,0,0,0,19.91,156.64,271.22,82.45,425.27,26.51,0,91.94,481.88,0.97,546.71,697.69,133.53,92.9,110.48,2121.74,738.87,64.18,48.21,277.61,0,0,0,88.61,6.49,703.97,0,193.8,0,15080.08,0,5683.48,78.45,458.9,0,356.27,0,227.78,2532.86,0,20.32,1272.75,130.01,653.93,209.37,0,0,0,281.73,45.12,436.04,219.27,2429.57,43.06,1.17,3333.82,138.44,58.89,223.69,0,2679.07,190.37,1.26,42.1,17495.28,1117.36,712.79,5.61,194.68,0,1020.22,144.41,31.34,26.9,1272.52,0,49.67,324.08,299.64,39.98,0,12.25,100.14,0,340.18,1022.75,126.16,187.73,0,53.3,664.17,92.33,533.21,231.91,332.79,399.02,391.8,248.2,1404,406.55,151.28,0,744.28,539.51,125.75,17.96,0,791.79,1044.33,159.04,121.16,148.2,353.97,1512.32,919.11,324.42,134.74,207.34,252.61,5201.7,4594.13,17.95,265.21,156.64,164.83,2.94,9642.99,296.56,416,374.38,41.58,0,204.48,2430.55,0,223.54,92.7,7.42,92.47,246.15,0,59.92,1422.58,116.31,41.79,1096.94,226.24,1076.92,77.3,391.42,225.79,24.74,99.2,172.58,19.03,166.4
"4",1997,23846.75,237.65,131.43,1750.65,846.23,214.34,183.54,312.69,69.06,1098.1,746.13,70.5,607.11,40.59,22.87,1107.09,1107.83,199.3,76.32,0,50.05,32.28,356.44,1229.05,126.87,0.32,385.22,1029.5,371.5,323.76,466.42,161.6,25.03,52.82,2.7,1003.39,7.17,196.39,52.87,1165.26,149.1,351.4,437.14,288.44,1.12,178.88,153.08,844.12,1190.4,549.31,8.56,327.93,158.88,133.39,58.72,84.09,676.25,111.54,25.76,142.46,1421.57,694.54,6778.43,483.82,0,891.79,17.14,60.7,0,1816.23,15.71,0,0,2561.58,11.35,920.11,0,9430.24,26.49,1043.06,3727.09,1482.96,225.99,147.54,205.81,2.08,632.02,1078.66,842.9,15.64,41276.5,19889.3,30.16,5796.61,280.36,548.38,0,0,69.06,0,0,515.08,842.77,817.26,1285.53,0,428.01,4690.31,1637.22,29.62,866.74,0,319.18,3230.91,6926.22,1529.13,72.4,422.87,525.93,239.84,0,0,2.6,81.9,102.74,70.75,0,20.08,178.87,325.73,99.24,38.66,121.89,6.94,28.14,0,0,0,19.2,248.14,309.69,68.79,320.06,40.74,0,135.89,288.58,4.74,609.14,709.45,167.33,31.81,104.95,2315.5,754.3,42.96,11.11,410.26,0,0,0,61.31,7.47,833.79,0,194.3,0,19713,0,6765.02,95.51,333.8,0,661.11,0,318.43,3439.34,0,74.01,1992.86,165.39,1074.13,446.59,0,0,0,449.82,127.76,489.88,308.86,2846.75,106.51,17.23,4051.57,127.8,68.81,208.68,0,3407.34,177.58,39.68,21.68,16995.34,1014.82,720.97,7.35,50.25,0,811.28,771.2,43.31,1.26,1303.09,0,66.11,207.45,329.95,-22.45,0,12.04,51.44,0,234.03,952.47,26.73,96.07,0,27.86,683.83,69.58,624.69,294.22,202.18,394.38,382.3,257.41,1592.06,330.86,232.16,0,692.31,530.96,123.11,17.59,0,985.44,847.74,206.11,121.25,140.51,23.44,1537.98,879.78,402.39,35.4,149.6,292.39,5235.39,4672.97,8.93,385.64,47.31,114.72,5.82,11658.27,427.67,510.78,165.12,114.3,0,262.09,2637.28,0,293.03,71.71,9.3,226.68,181.85,0,128.44,1982.69,2.1,181.63,1362.97,276.87,1450.82,45.59,462.01,290.5,12.98,206.41,108.49,12.36,234.6
"5",1998,23937.2,146.2,77.3,1905.22,854.95,299.34,193.28,292.09,71.35,1258.91,817.19,125.47,581.8,24.22,15.87,1092.47,1177.74,195.12,54.7,0,57.55,29.49,351.75,1259.68,168.81,0.24,361.22,1203.47,368.25,282.85,467.49,152.69,25.49,49.69,9.84,1027.19,2.32,182.09,46.28,1188.6,147.15,330.62,497.82,302.73,2.55,127.15,150.07,770.89,1088.24,428.65,0,398.45,163.09,108.88,57.81,68.84,808.66,104.32,23.25,159.36,1154.27,626.19,6373.18,497.41,0.02,797.88,15.57,18.73,0,1517.85,11.8,0,0,2508.54,57.2,948.18,0,10106.92,35.1,1634.95,3906.08,1333.14,235.07,158.8,208.31,1.92,698.78,1113.01,769.89,11.87,42704.05,21333.07,45.13,5336.34,194.78,1352.6,0,0,46.09,0,0,464.22,851.72,870.16,1070.51,8.32,530.79,4734.89,731.05,9.23,1023.87,0,463.97,3637.31,6996.2,1521.68,107.87,266.45,569.61,226.91,0,0,4.78,46.74,132.03,139.87,0,45.12,195.7,302.41,94.04,28.49,109.74,13.71,18.4,0.48,0.18,0,105.44,139.99,229.47,35.2,443.12,100.94,4.02,159.26,257.76,8.55,468.64,732.91,185.86,56.95,243.88,2715.05,957.75,14.83,25.36,289.49,0,0,0,88.81,9.57,753.84,0,252.2,323.2,16544.69,0,4200.39,79.82,386.15,0,824.54,0,228.97,3005.89,0,44.22,2276.86,157.49,965.22,306.19,0,0,0,345.99,182.26,364.72,249.65,2781.84,127.79,16.7,4421.35,222.62,56.66,279.78,0,3580.45,208.28,73.56,0,17248.5,1135.81,908.77,38.46,198.84,0,1075.41,884.38,22.6,4.89,1085.02,0,80.81,198.14,333.76,-90.16,0,35.82,73.88,0,206.14,831.67,72.42,185.09,0,23.92,636.92,27.12,488.06,172.89,167.04,381.98,676.85,295.99,1627.15,376.66,195.64,0,620.95,774.3,173.9,24.84,0,605.48,595.29,133.48,123.26,141.61,176.27,1527.15,1314.16,289.95,134.7,216.34,673.17,5149.02,4362.07,18.27,453.46,159.17,133.18,22.87,11826.03,576.96,540.99,192.87,89.06,0.05,192.4,2334.91,0,333.67,400.64,26.04,233.04,108.32,0,125.74,1883.15,0.89,278.66,1460.84,339.72,1386.84,61.01,467.1,173.29,50.87,183.39,228.89,20.79,135.9
"6",1999,23553.23,172.45,90.29,1933.85,866.93,274.56,187.35,276.4,97.26,1143.36,733.17,319.35,623.17,37.69,16.88,1001.29,1010.28,166.27,77.33,9.5,51.19,40.85,324.16,1098.97,234.36,0,301.54,1164.46,387.25,265.41,452.21,145.95,29.8,66.13,17.03,1002.74,7.61,201.65,41.22,1252.82,138.58,283.7,443.81,266.08,0.08,141.43,183.85,861.24,1215.75,440.4,3.86,421,192.73,102.92,53.47,78.09,663.52,93.44,27.77,140.8,1107.8,570.18,6956.5,472.93,0.11,1252.45,25.98,19.36,0,1412.31,12.87,2.06,0,2798.38,91,869.05,0,10191.11,77.64,2097.34,3347.06,1082.43,174.06,122.57,300.05,3.48,990.56,1449.27,546.65,0,43624.4,20400.42,43.6,7160.84,145.73,1190.9,0,0,108.39,0,0,277.52,781.88,971.3,837.42,18.55,740.76,4169.26,587.2,3.21,1572.14,0.04,447.38,4167.86,7968.32,1952.82,158.28,212.29,571.46,223.79,0,0,107.73,94.74,128.55,152.79,0,55.08,152.1,252.21,158.51,29.16,93.97,21.37,27.78,242.19,0.13,0,71.73,106.26,279.59,12.29,429.9,127.11,5.96,90.68,365.48,6.92,519.96,641.49,228.68,237.89,209.43,2960.07,1169.14,9.45,31.91,257.81,0,0,0,39.7,9.88,762.45,0,437,242.73,18039.78,0,4031.5,53.61,370.11,0,807.08,0,312.6,4233.36,0,28.34,1709.59,248.46,1251.21,458.27,0,0,0,391.46,107.68,1019.74,210.94,2667.84,106.56,31.43,4282.92,214.23,53.08,264.01,0,3449.88,168.94,117.69,15.09,17718.32,918.59,550.64,13.11,278.98,0,1088.57,786.53,41.23,3.65,1194.24,0,121.47,102.62,191.31,-83.64,0,47.01,59.5,0,263.35,731.31,95.41,195.13,0,20.47,774.68,48,370.09,174.21,221.45,385.82,1072.53,334.15,1779.48,339.92,353.53,0,595.36,979.4,222.87,31.84,0,494.44,589,209.66,170.14,122.49,416.8,1412.98,1324.1,145.83,283.52,230.18,664.57,7774.43,5720.47,23.2,576.54,1257.76,108.35,88.11,12571.77,348.16,770.65,165.9,50.06,0.04,186.35,2381.41,0,209.5,752.27,33.5,281.88,119.23,0,264.17,1864.69,0.12,244.26,1620.2,348.48,1671.79,76.77,535.27,205.31,89.49,87,145.06,15.96,104.25
"7",2000,22960.15,162.48,89.23,1912.3,744.73,252.95,228.21,308.92,102.08,1161.55,736.21,422.34,599.66,1.18,17.71,916.04,985.75,126.12,56.51,5.3,49.29,49.16,326.87,1079.93,196.25,0.54,327.26,1073.7,380.1,281.97,433.65,117.59,8.12,55.57,18.94,1038.8,12.46,233.52,42.32,1276.06,180.3,276.93,388.29,248.19,3.84,148.86,138.93,826.76,1202.66,377.42,4.77,467.13,197.24,58.35,60.05,87.22,644,105.35,35.4,68.5,1061.51,547.08,6657.37,598.85,0,1316.36,18.37,28.16,0,1246.17,14.04,1.51,0,2689.61,69.58,674.72,0,9257.37,60.63,2065.92,3298.74,714.8,219.2,71.86,278.82,2.57,755.96,1247.08,535.54,6.25,45147.75,20377.5,39.25,7103.54,370.04,1511.49,0,0,107.46,0,0,589.24,844.75,1050.33,851.86,18.78,590.57,4271.3,475.52,3.45,1756.73,0.03,293.93,4891.98,7764.32,2010.75,68.18,157.21,566.59,294.56,0,0,128.16,60.59,128.49,84.59,0,70,227.68,142.61,188.37,23.03,58.46,46.92,0.13,305.06,0.13,0,69.09,102.66,171.57,9.42,410.28,65.31,12.71,136.8,312.25,5.38,541.07,642.7,256.55,200.57,266.45,3100.75,1472.92,15.12,29.94,165.24,0,0,0,66.26,27.6,731.49,0,341.04,251.14,18630.69,0,3271.11,47.7,272.97,0,1808.97,0,197.55,4763.24,0,6.54,1660.76,534.45,1293.26,323.96,0,0,0,415.68,186.79,860.2,254.58,2626.35,80.88,25.7,4400.74,241.81,62.18,335.31,0,3407.38,192.6,143.44,18.02,18386.13,652.67,597.62,26.46,337.37,0,1442.45,518.97,49.75,36.64,1039.04,0,93.84,97.62,333.78,-65.03,0,233.96,132.53,0,175.32,834.56,103.33,224.79,0,17.57,617.25,80.43,560.08,170.03,233.12,396.75,848.93,305.33,1822.99,276.03,319.78,0,845.45,1006.34,239.21,34.17,0,779.41,545.74,247.72,224.23,135.97,125.84,1688.09,1322.38,167.79,389.89,246.86,517.84,8358.9,5522.33,25.95,497.66,1898.17,219.96,194.83,11840.41,344,699.15,124.47,34.34,23.27,140.72,2111.79,0,354.22,577.82,89.21,290.59,79.9,0,236.17,1687.44,27.86,239.25,1450.88,303.33,1510.17,86.98,529.61,146.09,160.52,37.81,251.94,172,130.88
"8",2001,23148.11,181.67,124.84,1878.55,807.64,123.18,203.55,371.38,147.42,974.83,634.46,55.26,713.61,2.03,9.29,910.64,981.96,118.43,60.95,4.03,57.78,56.09,387.87,959.27,306.98,2.79,391.86,1113.06,425.08,369.16,399.73,147.54,12.21,44.5,12.9,1510.89,15.99,272.98,58.68,1352,235.86,275.43,336.62,251.22,3.66,204.85,183.54,799.46,1110.04,377.6,21.65,437.97,207.7,91.96,44.46,121.31,613.83,147.35,32.72,111.74,817.39,520.67,6493.03,599.77,15.6,1334.54,13.27,37.88,0,1055.13,12.94,1.21,0,2763.39,43.37,615.93,0,9888.24,43.19,1826.66,3924.64,1479.09,175.49,72.98,193.82,13.78,599.66,1183.09,350.24,25.6,52927.71,21616.21,45.01,10643.45,1052.33,1419.65,0,0,156.4,0,0,339.93,997.04,1321.67,1033.84,19.81,1027.33,4902.53,1219.8,27.58,1241.62,116.43,412.79,5334.29,9771.9,3015.19,114.27,150.06,600.68,272.99,0,0,134.29,66.78,101.36,153.42,0,109.27,330.33,346.26,263.29,60.05,68.43,49.5,0,136.63,28.47,0,35.7,59.57,287.92,73.35,772.16,223.89,17.55,108.48,315.43,0,575.16,612.98,212.45,167.85,308.14,3593.75,1674.67,9.41,22.77,392.43,0,0,0,78.93,45.82,964.04,0,405.68,0,22141.13,0,5793.25,125.39,520,0,1472.74,0,72.3,5045.07,0,10.44,1576.1,593.08,1760.93,403.4,0,0,0,385.58,89.07,1273.08,367.37,2581.92,55.7,15.71,4245.36,159.56,49.3,248.5,0,3403.94,206.78,202.67,-25.39,17075.66,283.57,825.8,0.11,332.84,0,1260.6,392.51,44.79,0,786.92,0,129.66,0,-20.86,32.75,0,159.07,30.16,0,218.69,1029.56,79.2,172.09,0,50.19,926.44,77.39,690.05,256.51,277.53,515.74,857.02,225.87,2064.26,256.46,281,0,808.4,851.28,222.57,31.8,0,808.94,535.16,213.68,146.39,151.09,65.41,1005.02,876.8,272.89,230.42,195.89,177.6,8733.79,4939.91,15.18,408.56,2457.28,738.31,174.55,12813.71,232.72,968.58,222.94,64.8,39.35,132.43,2390.47,0,358.36,15.74,44.54,314.87,251.14,0,139.41,1503.31,58.44,190,1820.25,486.33,1906.41,62.18,552.44,156.48,73.41,77.51,316.24,327.63,107.73
"9",2002,22005.91,163.47,105.9,1807.62,767.74,149.7,165.2,318.38,106.96,870.9,798.96,44.51,708.24,2.87,10.88,838.83,1000.98,141.38,82.67,6.12,63.79,55.72,442.63,761.72,286.09,1.82,389.91,1061.55,428.01,366.45,334.48,132.76,22.2,49.35,3.72,1411.86,13.83,261.69,58.66,1354.09,181.35,304.83,378.93,247.13,6.64,183.41,214.13,682.92,897.09,392.99,10.36,402.4,215.96,55.85,55.27,111.97,525.98,147.31,17.75,106.93,800.03,475.04,6519,591.61,25.67,1528.42,23.65,38.52,0,1038.42,10.14,0.27,0,2488.1,99.84,674.36,0,7979.8,28.36,1762.21,3750.53,657.15,156.14,90.91,178.75,8.5,136.33,938.08,232.75,40.09,51208.89,21211.07,37.32,10868.58,1170.65,863.65,0,0,239.39,0,0,226.94,1080.22,1313.6,1065.44,25.76,537.47,4718.02,862.26,19.73,1045.9,76.18,193.36,5653.35,8900.33,2239.82,141.87,263.65,601.32,86.95,0,0,133.16,28.53,172.94,146.45,0,62.49,311.43,412.33,209.43,12.4,101.02,42.11,319.03,126.71,50.12,0,28.21,62.54,220.64,53.99,573.1,269.83,31.02,116.4,223.47,11.22,521.59,598.35,223.34,32.88,471.99,4545.37,2015.16,17.01,150.95,632,0,1.15,0,79.26,70.59,1182.81,0,396.44,0,19964.12,0,4655.99,121.06,730.14,0,1408.04,0,107.05,3926.35,0,18.3,2068.09,636.16,1717.98,173.44,0,0,0,442.98,163.29,832.5,236.62,2566.27,132.94,26.92,4675.91,200.76,42.18,208.16,0,3700.51,256.91,275.41,-8.02,16628.84,295.98,819.08,2.35,169.46,0,898.62,442.98,25.47,0,645.99,0,48.93,227.8,79.05,38.34,0,184.99,33.43,0,163.11,1148.44,40.65,123.69,0,54.02,1052.51,18.9,608.84,304.41,305.82,460.12,470.48,171.64,2034.17,236.13,182.27,0,1020.66,858.86,223.07,31.87,0,845.32,422.71,202.17,159.89,76.62,56.15,1443.85,827.37,246.72,80.99,259.08,240.58,6488.44,4778.65,15.55,416.91,590.1,637.96,49.27,12940.6,270.32,1052.61,173.27,101.54,35.96,114.07,2195.41,0,391.11,41.08,23.61,404.7,176.61,0,101.24,1361.83,76.82,205.21,1741.36,588.75,2003.06,53,403.31,186.73,75.77,58.38,576.06,446.34,82.45
"10",2003,22093.34,223.77,91.92,1770.42,714.99,140.12,140.21,288.09,97.35,909.75,828.37,72.84,678.95,2.58,17.07,823.2,993.49,146.5,57.09,8.27,46.21,71.98,447.79,715.35,336.3,1.97,408.49,1154.32,425.28,368.74,345.68,126.13,19.15,65.94,3.27,1518.35,17.41,215.06,72.35,1378.48,135.21,342.51,374.73,229.78,8.8,171.87,222.14,692.85,869.64,356.59,8.57,348.82,210.53,53.61,24.86,119.04,487.88,152.51,7.27,175.03,890.03,467.84,6532.86,557.52,57.96,1521.85,21.59,41.66,0,1322.62,10.81,0.46,0,1970.23,98.68,929.48,0,8453.41,24.66,1833.16,3437.97,805.51,177.41,179.58,224.7,2.31,409.64,1092.51,251.89,14.07,49752.07,20168.96,44.66,8947.27,920.5,1271.99,0,0,294.41,0,0,305.14,1121.13,1288.13,1120.61,32.18,559.6,5607.66,878.68,46.15,1223.67,81.44,310.25,5529.64,8892.18,1923.93,96.46,254.56,466.79,186.76,0,0,96.09,35.73,228.85,177.81,0,42.11,294.01,556.52,206.42,14.12,55.72,7.69,252.27,57.27,141.63,0,64.93,48.24,264.72,61.7,665.53,566.24,21.75,164.7,187.64,4.2,470.38,509.56,236.82,41.93,489.1,4499.27,1780.67,10.38,135.59,712.61,0,0.99,0,53.42,46.33,1299.37,0,459.91,0,19301.93,0,6326.2,109.16,253.64,0,233.15,0,124.21,4068.22,0,7.08,1675.33,171.1,1688.45,224.72,0,0,0,491.59,46.92,654.78,330.23,2705.12,164.91,27.12,4924.23,262.7,16.1,140.23,0,3943.73,238.88,342.59,-20,16412.4,278.67,810.1,1.19,209.24,0,838,384.4,39.21,0,659.34,0,80.61,218.14,7.51,22.23,0,0,217.67,0,395.37,1271.72,12.24,32.04,0,63.9,983.57,6.32,674.86,499.21,281.21,590.6,403.66,182.11,2056.52,240.53,266.23,0,1128.3,699.92,177.61,25.37,0,297.77,484.7,144.85,100.13,103.17,127.21,1396.97,897.67,325.13,106.25,268.37,197.92,5866.62,4428.3,10.04,471.07,383.18,574.03,0,13990.79,244.12,687.77,254.03,101.3,20.66,119.07,2468.63,0,207.86,42.92,71.79,337.95,215.34,0,110.08,1361.42,43.52,218.38,2631.78,534.01,2605.63,38.8,493.1,172.9,37.4,116.17,298.09,335.38,222.69
"11",2004,22878.37,182.09,115.97,1815.47,672.99,145.83,185.86,247.15,46.75,986.31,677.2,113.1,631.75,0,11.55,883.52,1014.83,156.87,72.67,17.67,24.75,92.36,442.39,750.79,338.85,0,362.21,1239.9,415.2,286.82,380.68,103.23,25.01,76.51,1.44,1504.52,11.75,263.67,82.27,1364.03,127.7,396.76,374.73,307.21,15.32,172.88,169.99,700.67,951.01,452.04,0.37,404.18,212.76,97.05,37.09,133.62,663.92,149.7,12.61,136.18,1129.13,489.49,5849.81,378.09,41.84,788.81,6.41,38.94,0,1215.45,8.93,0.29,0,2397.75,42.6,930.7,0,9236.45,37.43,2445.6,3431.44,859.62,379.81,22.36,230.97,0.06,572.95,856.66,386.19,13.36,51938.23,25790.47,20.15,6806.91,149.38,503.8,0,0,207.43,0,0,3760.09,942.48,1141.86,954.62,8.92,623.86,4659.85,381.58,25.87,468.7,28.61,97.2,5366.45,7337.31,1462.07,68.82,291.17,321.26,76.71,0,0,74.95,21.48,438.62,157.61,0,30.62,271.49,361.1,428.98,6.27,155.26,4.05,152.51,11.89,120.65,0,113.76,90.57,271.77,20.25,408.65,207.74,6.26,53.47,267.83,0,554.84,582.4,81.27,41.12,181.87,3576.19,1163.44,9.55,45.29,767.44,0,0,0,25.48,13.54,930.25,0,410.12,211.08,15230.18,1790.39,453.47,314.45,300.41,0,721.92,0,174.58,3745.97,0,24.73,1547.37,75.39,1111.21,176.02,0,0,0,498.63,45.48,948.61,143.24,2958.28,198.11,1.92,5476.25,184.02,22.95,176.45,0,4067.24,394.08,632.87,-1.36,13922.27,218.18,633.06,4.68,130.53,0,940.82,285.52,69.29,8.65,905.53,0,33,20.48,-279.56,24.8,0,0,305.47,0,424.06,1120.5,72.96,51,0,35.24,556.34,89.76,171.56,406.86,455.47,306.14,532.02,183.17,2227.51,238.87,193.92,0,802.29,664.97,182.75,26.11,0,491,337.2,104.03,118.61,141.62,48.7,639.16,992.32,180.82,44.18,309.14,458.18,5731.29,4635.29,11.49,513.99,137.49,415.19,17.84,11985.09,255.62,784.77,146.64,228.03,0,103.77,2776.55,0,168.2,61.81,71.48,177.6,130.3,0,49.16,2016.92,0,283.43,1509.48,224.6,1785.17,23.11,617.08,234.71,43.98,54.83,133.94,30.24,73.67
"12",2005,23554.87,117.6,122.5,1814.66,855.92,178.61,230.05,223.75,54.98,1097.54,513.73,61.2,641.04,0,16.88,751.15,904.36,210.52,130.6,42.62,24.38,91.17,334.08,537.84,345.14,1.15,454.78,1312.73,378.53,284.55,357.61,91.04,27.2,74.03,1.7,1701.14,18.54,224.18,74.52,1619.33,132.55,349.96,380.74,301.61,11.61,149.88,200.33,840.51,1016.17,599.16,5.79,426.63,210.86,97.33,40.41,143.81,713.82,145.87,29.04,167.84,1174.89,494.71,6551.95,520.81,54.19,1159.99,6.27,42.09,0,1619.33,14.3,0.44,0,2525.49,7.59,601.45,0,8613.13,56.56,2154.01,2696.56,842.48,475.56,29.73,264.96,1.11,616.44,1094.45,381.27,0,53061.87,28495.91,49.48,7666.31,26.15,571.86,0,0,37.23,0,0,243.73,944.12,1326.98,1016.44,25.15,421.81,4264.41,509.84,24.5,487.56,23.2,320.16,6607.03,7892.18,2222.4,39.98,54.59,447.33,81.88,0,0,8.63,45.11,370.74,50.44,0,69.97,275.4,742.46,128.93,11.74,155.15,7.22,114.7,0,0,10.79,172.03,58.66,314.37,26.18,576.22,6.94,11.69,116.07,431.6,0,579.63,578.96,63.48,2.63,116.26,3868.09,1319.16,21.93,35.49,666.65,0,0,0,62.98,0.05,1141.23,0,619.34,1.26,22154.59,2451.17,1256.95,17.33,494.5,0,965.37,0,394.54,6466.71,0,40.56,1782.76,115.64,1681.97,342.66,0,0,0,478.83,73.43,1553.43,125.18,3707.48,181.48,24.6,5248.71,96.56,13.65,139.52,0,3652.25,275.38,1056.78,14.57,15496.98,94.8,806.1,15.69,150.04,0,1142.43,518.87,118.49,0,779.9,0,43.84,0,-653.82,-112.69,0,20.22,469.59,0,635.93,509.22,114.24,54.5,0,10.61,480.86,103.3,322.04,277.61,596.41,390.41,672.97,320.67,2661.81,188.78,114.42,0,937.85,1031.15,280.04,40.01,0,564.62,355.87,88.41,107.85,100.7,58.3,1084.94,465.83,126.86,9.09,242.1,87.78,6876.87,5636.21,19.45,556.32,202.43,418.55,43.91,13228.94,380.12,930.23,111.65,26.19,0,159.32,2280.7,0,428.76,24.11,89.16,199.94,14.07,0,45.49,2390.49,167.03,80.07,1736.75,223.21,2316.73,43.58,744.6,360.39,255.15,51.38,105.75,20.13,43.94
"13",2006,25035.33,124.86,135.79,1882.44,777.41,169.32,309.3,253.28,118.08,1433.51,630.29,74.08,886.16,64.14,27.32,850.64,1271.05,235.28,192.5,65.99,22.92,68.54,372.83,487.2,369.36,1.94,474.36,1025.09,419.65,343.6,317.9,105.9,22.76,36.91,0,1495.41,16.56,236.08,74.68,1605.79,156.66,386.84,440.84,291.03,16.4,121.03,200.39,786.23,1214.76,659.84,5.28,500.83,184.94,264.11,35.08,123.9,642.53,126.99,43.67,211.6,945.34,678.12,4758.96,343.08,23.32,764.52,12.31,126.95,0,866.89,10.73,0,0,2223.63,0,387.53,0,13615.33,56.92,3271.57,4806.09,1004.7,337.89,21.62,238.93,0.06,1922.48,1485.95,456.8,12.32,53802.82,29952.88,6.24,6079.53,242.34,683.28,0,0,53.31,0,0,466.53,897.46,1267.19,871.1,32.22,311.95,4404.48,755.48,6.38,1431.79,0.59,1135.81,5204.26,10383.83,4076.83,109.68,49.1,551.55,23.57,0,0,9,89.48,655.34,94.05,0,64.84,203.8,807.69,102.96,18.58,205.68,10.07,78.9,11.59,0,21.54,87.9,66.76,459.29,28.66,456.28,159.99,13.7,87.6,530.11,0,310.46,675.08,248.61,33.47,41.67,3929.07,1494.8,6.74,74.59,374.31,0,0,0,22.2,3.71,1462.14,0,445.67,44.91,27068.84,1655.87,5899.64,31.96,517.47,0,835.51,0,242.39,6626.86,0,213.91,1907.91,75.93,1546.27,461.97,0,0,0,600.7,65.72,1880.13,189.59,4165.71,62.87,88.43,5866.36,96.34,21.69,166.03,0,4292.22,73.67,1216.16,0.25,15201.46,86.11,1371.17,27.06,256.35,0,993.9,1554.76,115.24,0,971.47,0,16.94,0,-1093.5,6.18,0,280.92,101.32,0,366.81,1247.17,129.49,49.94,0,20.87,778.79,65.62,54.12,160.89,281.48,191.53,632.48,312.84,2612.83,214.82,69,0,432.01,450.42,111.45,15.92,0,292.02,362.77,142.66,105.72,81.6,0,1330.29,723.13,39.03,53.25,503.67,127.18,7614.68,6307.75,22.82,616.46,244.31,370.52,52.82,15483.55,204.36,783.2,117.73,68.13,0,274.65,2800.4,0,315.17,9.15,0,793.69,23.41,0,354.74,2866.55,0,105.79,1714.62,404.23,2799.95,43.49,1430.76,235.81,8.21,6.44,20.41,45.59,57.07
"14",2007,26494.64,176.36,97.7,1863.75,899.74,159.87,263.19,258.7,74.47,1794.98,1063.94,208.84,694.86,76.46,51,1032.52,1066.31,315.09,194.9,54.75,16.39,85.79,379.01,554.06,353.7,3.08,485.43,1165.92,406.03,388.27,326.46,124.83,82.04,70.98,7.08,1703.5,15.94,360.01,71.9,1832.45,204.15,427.38,453.53,253.01,20.31,127.56,139.89,655.95,882.09,709.75,15.02,494.28,219.15,166.91,32.73,170.66,896.55,176.15,24.45,137.96,949.69,557.17,4717.46,408.65,6.44,1394.57,17.99,66.95,0,812.28,11.24,0,0,1616.93,1.89,380.52,0,15834.42,41.36,2946.86,7282.12,1081.82,296.14,8.27,161.56,0,1672.88,1726.46,525.53,91.42,66049.47,27935.01,43.88,7977.41,249.01,1087.56,0,0,68.87,0,0,6141.63,1140.13,1293.64,1140.2,60.24,3258.26,5137.26,1136.95,4.17,1312.67,23.02,848.06,7191.5,18387.74,8996.68,28.7,476.78,385.99,264.96,0,0,1.18,96.53,675.06,195.68,0,99.74,187.36,1073.31,542.7,361.8,88.6,15.81,26.79,3.98,0,15.92,126.48,6.85,576.35,80.67,530.87,234.82,0,256.74,798.25,36.45,560.96,1105.38,303.29,25.73,207.33,4194.32,1572.52,9.43,73.72,263.1,0,0,0,36.71,3.94,1604.29,0,630.61,0,27891.66,1545.31,5940.42,122.48,373.26,0,861.77,0,451.86,4651.4,0,93.2,3636.32,1006.77,1853.88,409.43,0,0,0,409.9,161.15,1435.22,140.51,4064.03,656.79,77.96,6520.93,253.75,30.06,358.28,0,4280.34,93.88,1475.21,29.41,20843.08,110.67,1694.02,36.33,178.58,0,1293.69,1221.94,88.68,0,655.5,0,15.91,0,0,85.82,0,208.07,126.28,0,368.15,1234.63,42.62,20.78,0,99.88,1211.85,27.7,308.2,117.54,185.59,398.02,738.79,293.23,3105.63,200.25,60.72,0,719.84,706.1,178.81,25.54,0,733.41,543,155.66,112.83,139.82,96.42,3302.58,406.08,69.05,45.2,113.15,178.68,7909.97,6673.31,25.83,645.32,347.98,217.53,0,17529.79,288.63,1140.07,117.61,84.85,0,214.76,2812.18,0,547.27,18.81,324.26,449.86,23.81,0,199.96,1576.44,203.95,173.85,2147.56,535.09,2669.75,98.57,1129.89,1535.22,136.01,29.01,307.84,704.09,60.45
"15",2008,26662.6,255.38,93.54,1823.2,893.97,158.77,259.81,311.26,85.85,2010.77,1090.72,283.03,725.67,81.27,59.78,962.42,1176.29,389.44,190.19,60.47,8.55,101.51,475.52,537.18,434.78,8.5,479.54,1111.38,417.28,410.07,283.56,130.76,55.88,73.77,11.99,1778.89,12.79,384.45,72.71,1734.6,163.84,419.6,471.26,244.77,31.09,137.26,144.86,633.04,867.53,595.09,5.2,504.41,209.03,182.65,25.76,114.37,689.4,184.46,18.55,128.05,875.71,581.13,4560.78,536.93,2.14,926.59,31.16,43.92,0,896.82,12.1,0,0,1628.79,78.46,403.87,0,14818.21,90.06,2609.06,6424.99,1230.99,307,20.91,145.62,0,1540.8,1916.89,476.9,54.99,59730.46,28787.5,59.56,5575.14,365.44,889.16,0,0,149.6,0,0,3532.33,1163.56,1516.42,1169.61,32.93,1835.82,4951.95,947.11,3.69,1200.3,50.78,315.82,7183.74,14275.33,5887.65,20.58,1294.45,504.32,280.68,0,0,6.54,97.2,619.31,118.14,0,72.58,151.54,804.96,298.76,167.81,78.96,20.84,0.25,118.75,0,2.19,117.39,11.61,369.55,113.58,384.63,169.95,0,98.41,495.86,15.38,608.33,929.56,125.88,18.31,271.38,4630.15,1508.28,2.05,98.72,628.59,0,0,0,33.62,3.55,1741.34,0,614,0,26459.69,3009.19,3065.78,15.33,476.45,0,1318.51,0,563.22,3614.94,0,83.26,4074.5,2001.4,1465.52,315.48,0,0,0,587.57,216.94,1349.28,246,3430.66,588.46,37.2,6132.81,191.64,41.95,322.66,0,3896.39,212.58,1457.62,9.97,19895.16,131.15,1479.28,25.99,160.02,0,1252.97,589.77,107.78,0,678.8,0,29.65,0,2.27,208.34,0,0,162.71,0,687.04,1134.5,64,241.89,0,87.98,857.27,21.93,333.3,170.32,276.13,548.8,798.25,172.51,3432.89,95.01,118.72,0,913.63,848.56,222.3,31.76,0,620.02,457.74,112.29,100.78,92.66,105.33,2520.82,250.71,24.09,34.26,34.89,157.47,9426.33,8098.6,36.29,661.91,492.9,136.63,0,16175.09,212.84,957,104.76,84.08,0,266.73,2786.82,0,631.93,69.16,146.72,412.25,26.84,0,410.95,1344,171.92,163.59,1869.11,478.68,2491.49,75.85,782.34,1121.26,130.47,30.64,244.59,1075.64,85.43
"16",2009,26041.85,332.13,94.18,1697.56,1064.02,101.53,243.42,317.46,83.1,1450.31,755.84,566.64,645.41,0,55.15,943.06,1145.74,260.41,94.73,58.2,4.99,104.53,583.86,538.02,377.57,7.63,469.94,1300.1,482.56,401.9,345.19,120.18,34.53,90.63,16.63,1785.16,24.75,506.21,72.8,1558.47,163.11,463,416.86,262.34,22.22,158.94,172.54,677.16,772.91,564.74,9.7,547.52,232.38,114.58,27.25,112.94,700.82,218.85,17.91,106.22,857.12,688.2,4978.68,584.12,4.46,1338.24,28.38,27.37,0,1007.28,12.87,0,0,1514.47,40.21,421.28,0,11149.06,98.44,1316.48,5107.1,1440.43,381.44,67.72,140.3,0,451.57,1372.31,698.44,74.83,63971.08,30031.83,69.53,7350.22,505.96,369.22,0,0,143.54,0,0,4123.9,1403.38,1774.52,1307.73,46.7,2002.67,4963.62,1004.92,6.51,921.16,64.02,224.43,7657.22,12194.51,4945.71,0,70.09,363.69,303.2,0,0,52.4,88.86,469.8,111.08,0,57.41,176.51,645.92,361.93,193.66,93.09,35.92,0,120.94,0,0,106.97,0,399.93,67.87,441.87,239.8,0,77.83,736.84,23.28,603.98,911.79,149.02,43.44,301.68,4537.56,1465.64,0,79.73,592.62,0,0,0,76.19,3.8,1505.99,0,813.59,0,21016.09,1642.68,1657.09,1.52,447.94,0,1344.86,0,961.95,2694.21,0,23.81,2630.85,873.06,1555.46,237.16,0,0,0,534.55,267.57,1595.61,197.93,3810.15,526.47,13.22,6222.26,231.95,1.37,452.54,0,1188.44,2763.86,1572.76,11.34,19982.39,313.57,1344.84,26.77,96.38,0,1574.28,339.25,76.86,1.9,647.19,0,38.17,0,153.64,209.69,0,0,244.53,0,850.1,998.02,332.82,263.99,0,222.1,872.9,28.29,516.46,199.07,202.82,618.82,608.58,165.32,3394.26,53.83,78.49,0,901.92,777.81,214.82,30.69,0,652.12,464.58,79.12,106.07,124.11,99.96,2058.25,528.28,62.32,60.09,41.12,364.75,8737.12,7019.74,34.98,625.98,466.47,457.81,132.14,17519.16,244.96,1505.95,70.06,101.17,0,225.26,2844.83,0,508.92,102.05,238.27,149.83,25.09,4.69,123.96,2031.99,301.73,308.91,2227.33,533.27,2446.72,92.6,835.23,1101.37,137.83,39.95,299.7,968.22,49.27
"17",2010,25463.41,303.97,78.22,1615.44,994.99,84.96,289.4,279.07,93.51,1503.7,593.89,577.04,840.69,16.28,44.06,893.54,1182.23,288.28,88.24,55.55,58.86,95.8,581.24,464.23,381.86,6.23,447.56,1132.79,501.12,384.27,355.32,103.99,32,70.39,2.48,1736.12,71.94,519.97,113.2,1544.65,160.17,468.14,394.33,283.58,28.98,145.71,148.09,728.57,829.99,441.3,1.17,589.99,258.01,90.89,26.21,139.04,484.43,112.4,29.19,109.18,808.24,758.72,5298.23,555.59,17.52,985.12,99.2,23.55,0,1026.17,12.52,0,0,2051.93,103.99,422.64,0,10571.33,148.06,1177.18,3754.71,1674.45,338.96,74.68,135.04,0,700.39,1921.57,631.94,14.35,65132.24,32984.03,46.53,8541.64,681.51,437.86,0,0,48.2,0,0,541.06,1373.89,1630.78,1256.3,3.3,530.41,4992.58,1772.47,12.81,494.06,51.29,544.63,9188.89,9692.24,2640.7,0.19,136.91,288.81,298.24,0,0,61.38,142.93,976.97,49.24,0,101.07,318.63,416.54,116.52,12.38,125.3,11.71,47.12,314.91,0.03,0.03,61.68,18.63,489.57,2.93,641.32,257.7,0.08,132.98,535.53,0.05,437.82,558.52,165.43,92.38,238.01,4676.36,1592.38,0.01,90.8,634.05,0,0,0,104.15,0.59,1337.51,0,916.45,0.42,23686.69,4206.9,1742.57,125.29,625.97,0,295.41,0,1106.59,3639.9,0,17.75,2261.76,642.05,1988.1,306.54,0,0,0,415.03,190.23,1370.17,684.19,3996.22,55.27,16.75,6266.97,104.46,20.31,675.36,0,504.74,3246,1695.57,20.53,21295.69,318,954.84,5.63,128.97,0.34,1871.05,968.9,128.58,5.6,634.84,0,46.56,0,224.01,1107.28,0,0,234.69,0,613.19,698.45,420.93,344.56,0,180.28,645.26,0.97,507.32,263.73,482,991.96,491.57,217.19,3865.34,40.77,135.77,0,957.47,735.59,203.12,29.02,0,378.3,397.35,75.14,84.94,70.18,85.92,1750.08,1122.32,203.27,380.53,116.69,421.83,11570.8,9364.6,47.11,671.35,762.64,725.1,0,15497.43,170.59,950.31,255.71,31.17,0.03,235.7,3048.66,0,267.05,126.55,6.79,432.99,129.38,4.47,61.59,2294.73,87.86,388.09,1925.66,459.93,2543.26,105.71,1124.78,618.66,55.04,23.85,62.25,40.27,46.35
"18",2011,29426.75,301.27,119.88,1709.73,1169.86,234.65,302.43,320.77,84.96,1678.9,557.49,602.68,1197.18,17.38,50.15,916.72,1287.1,203.44,90.11,30.84,81.48,155.03,546.68,532.75,449.3,2.18,464,1157.27,574.73,430.37,462.56,115.37,34.64,83.97,3.69,1948.51,75.61,592.02,132.53,1900.33,220.48,525.74,399.07,395.91,37.64,133.12,181.54,929.71,928.14,510.87,2.05,623.28,328.97,134.21,27.05,146.12,682.75,152.6,33.39,180.97,1371.44,863.14,5561.8,479.69,14.04,1152.87,174.56,59.44,23.65,1022.7,12.15,0.07,0,2260.08,4.91,357.64,0,10519.07,179.12,1452.59,3714.13,1590.66,349.04,96.79,338.25,0,671.92,1649.75,476.82,0,66415.02,35048.57,68.08,7693.02,712.58,720.32,0,0,63.78,0,0,514.93,1365.98,1944.76,1199.25,6.16,399.45,5841,1207.8,22.64,948.38,0,901.79,7756.53,9424.79,2023.79,0.61,117.99,143.21,381.7,0,0,31.32,84.48,957.08,76.48,0,104.52,298.29,475.43,157.71,87.61,181.66,14.63,67.79,86.63,0.05,0.11,70.44,0,579.72,7.88,823.07,322.4,0.23,125.47,451.88,0.19,530.77,753.95,97.91,183.9,185.89,3778.85,1201.52,0.71,60.32,295.4,0,0,0,145,0.84,1205.35,0,869.6,0.11,29463.57,3959.82,4741.99,218.69,613.51,0,245.62,0,1071.88,4819.32,0,15.33,2078.69,695.61,2222.08,374.06,0,0,0,531.56,267.62,1672.19,813.43,5009.96,109.64,2.57,7233.27,211.9,20.14,1061.79,0,239.04,3699.22,1961.5,39.68,21598.47,440.54,2362.05,7.67,105.32,0.36,2170.26,922.04,105.19,0.06,495.38,0,29.38,0,257.91,-754.09,0,0,52.38,0,625.3,993.39,408.63,161.38,0,189.49,613.49,2.29,725.36,419.94,506.64,1005.88,857.99,204.5,4038.11,96.85,107.82,0,409.72,730.76,201.83,28.83,0,278.41,363.4,69.03,92.54,146.29,47.74,2078.41,1477.83,285.48,536.71,140.89,514.75,11284.72,8579.21,43.26,863.02,904.58,894.65,0,17935.12,203.99,793.8,243.45,134.97,0.09,239.78,3184.06,0,240.02,39.93,8.6,523.95,137.33,5.53,48.69,3199.93,669.7,454.14,1821.75,496.85,2512.87,103.94,1144.96,540.27,50.92,46.48,853.21,197.74,38.17
"19",2012,28285.22,153.11,155.96,1622.4,1065.83,253.69,317.49,330.58,110.22,1647.21,545.99,97.07,1250.67,39.51,49.86,895.95,1185.02,188.39,108.68,32.77,87.27,109.87,495.78,603.05,461.04,5.93,516.9,1213.9,580.87,458.67,437.95,129.45,51.26,97,5.35,1900.68,69.37,605.33,129.26,1909.06,220.54,557.55,421.57,352.9,42.76,103.92,173.81,894.15,954.15,524.51,3.76,621.06,311.07,191.49,34.55,155.17,845.1,184.31,38.34,149.62,878.98,707.52,4942.48,402.13,11.46,926.97,156.83,14.79,33.75,965.37,12.89,2.45,0,1985.9,11.87,418.07,0,10526.77,1.84,2567.61,3768.89,758.63,390.03,81.53,122.75,27.22,973.31,1643.49,170.8,20.67,65755.97,36250.49,22.88,6982.14,439.55,724.1,0,0,37.97,0,0,365.61,1403.45,1726.58,1234.46,25.71,469.03,5571.72,1027.35,26.05,824.99,0.8,916.57,7706.52,10900.4,2024.27,61.39,17.63,246.39,2241.9,0,0,34.04,64.95,947.87,79.46,0,105.26,514.1,426.08,66.81,82.06,182.64,1.01,108.28,97.99,0.58,1.82,79.64,0,358.93,6.28,561.23,278.09,5.75,144.15,219.98,2.25,579.31,852.65,114.67,73.31,319.63,3617.49,1150.97,1.36,60.51,246.22,0,0,0,109.46,13.18,1183.08,0,601.15,251.56,25276.25,1657.62,3759.32,153.82,448.71,0,378.28,0,951.89,4948.96,0,58.86,1561.9,605.55,1985.28,471.03,0,0,0,446.8,294.99,2171.21,796.83,4468.69,113.49,3.02,6958.31,106.27,18.41,1378.13,0,200.42,3121.23,2103.32,30.53,21017.07,158.42,2178.73,7.22,147.87,0.56,1921.26,1202.19,119.9,4.58,320.33,0,27.12,0,13.71,-390.61,0,0,84.39,0,657.28,1350.85,10.83,93.19,0,33.41,468.23,2.44,907.92,272.51,700.35,1043.68,903.86,241.34,4136.24,100.57,70.3,0,534.81,782.85,216.1,30.87,0,237.46,226.61,86.75,118.93,172.8,45.1,1776.12,1631.63,348.97,463.67,609.3,209.69,11236.2,8668.66,45.75,803.61,877.11,841.07,0,15956.11,116.33,146.25,345.59,188.36,48.59,250.7,3175.64,0,152.19,17.8,5.72,497.04,164.4,0,122.25,2288.36,0,217.01,2122.79,520.93,2628.52,135.63,1294.43,448.15,77.64,31.85,774.2,141.39,44.35
"20",2013,27040.9,182.75,132.2,1427.56,969.84,306.15,325.7,296.11,110.41,1189.7,601.53,88.02,1063.89,24.81,21.41,979.64,1124.36,219.21,140.75,45.89,39.28,235.16,569.03,515.69,466.07,9.86,491.33,1183.08,496.33,428.38,430.81,117.26,85.11,127.82,14.78,1542.92,36.8,589.1,109.6,1751.47,200.03,506.33,380.69,327.77,43.54,99.48,166.2,809.85,919.23,500.91,4.68,511.36,291.16,255.73,37.25,123.12,894.02,229.07,18.58,161.7,1463.54,606.85,5408.15,524.63,1.76,959.97,169.95,55.03,54.31,812.87,9.46,5.1,0,2441.35,10.86,362.86,0,10591.01,0.96,2750.56,3959.33,596.18,229.34,75.52,311.37,31.42,843.92,1463.36,308.14,20.91,61702.77,36419.52,12.22,4339.09,260.78,409.8,0,0,19.06,0,0,124.18,1451.9,1809.15,1296.51,0.62,218.32,5103.62,456.59,20.73,543.55,4.33,809.13,8403.67,7248.26,1726.21,140.26,29.59,356.31,248.15,0,0,1.32,26.88,224.55,86.67,0,89.48,148.45,354.07,113.16,94.71,82.86,10.86,28.45,19.75,1.54,2.7,35.43,0,319.68,12.13,898.35,101.76,8.5,81.64,253.94,58.13,619.79,763,31.77,103.24,174.93,3462.95,859.78,1.07,91.71,163.25,0,0,0,163.77,23.61,1165.83,0,725.47,268.46,20279.61,981.09,4231.89,128.53,497.57,0,528.62,0,661.14,4053.29,0,58.08,1389.4,135.31,1309.32,598.33,0,0,0,301.16,243.6,1552.22,112.92,3330.63,166.51,0,5831.51,120.78,4.35,1030.11,0,195.77,2598.82,1852.21,29.47,16201.14,39.69,1584.01,1.35,44.85,0.61,2107.73,160.49,64.85,4,229.16,0,13.64,69.21,12.17,-1312.5,0,0,61.31,0,620.47,1190.72,22.43,28.12,0,39.41,494.6,2.32,680.63,160.92,119.44,884.22,780.73,155.02,4145.24,58.14,51.7,0,386.26,641.9,176.89,25.27,0,277.7,227.83,79.07,106.52,184,243.08,1337.94,702.58,169.58,39.07,421.72,72.21,7999.32,6276.76,37.81,758.06,558.33,368.36,0,14378.6,186.59,587.21,677.63,149.35,3.34,98.65,2754.1,0,126.69,13.22,2.5,252.41,39.48,0,144.53,1860.63,807.75,229.89,1718.62,289.24,2014.95,159.23,1111.66,227.67,58.88,27.03,638.47,156.89,41.99
"21",2014,24344.88,108.43,128.28,1397.97,937.11,166.78,377.4,352.09,147.54,1076.41,734.41,97.87,819.15,29.76,22.58,905.65,1029.48,135.28,101.94,34.28,6.25,189.76,506.7,436.33,489.11,10,573.89,1160.02,441.73,487.02,379.71,90.09,77.93,115.77,6.67,1549.23,49.71,513.8,131.26,1600.95,122.89,409.95,366.94,238.95,48.32,102.74,161.92,710.36,786.75,460.68,5.19,494.03,248.86,187.49,52.73,165.3,720.53,178.3,14.33,65.84,745.11,639.33,4025.88,473.62,4.83,658.67,74.2,16.76,21.65,650.13,8.04,2.77,0,1692.29,34.12,388.8,0,12498.72,0.93,3187.27,5209.52,479.46,314.12,69.82,152.96,26.21,837.43,1877.07,324.61,19.32,62467.28,37699.83,0,4084.73,126.09,251.38,0,0,17.35,0,0,213.26,1457.43,1706.15,1269.56,3.77,290.68,4919.97,483.68,3.18,470.81,6.13,617.55,8845.73,6775.61,1849.96,60.83,48.23,792.83,176.49,0,0,1.57,45.73,166.96,97.04,0,101.17,112.13,245.76,24.62,18.26,18.57,13.22,33.18,13.37,1.84,3.12,56.8,0,206.61,9.49,932.9,108.32,10.15,60.07,298.39,3.82,386.8,616.7,93.11,79.94,87.63,3373.12,997.36,0.62,146.25,235.82,0,0.65,0,160.9,21.12,1035.12,0,427.48,347.8,13724.77,302.86,472.87,386.65,498.54,0,509.02,0,276.41,3238.28,0,74.99,996.4,219.05,1169.5,328.69,0,0,0,190.79,196.46,1831.18,54.27,2939.79,39.02,0,6372.45,39.69,4.85,1495.98,0,90.5,2561.58,2165.74,14.11,16998.7,154.12,799.55,7.22,14.4,0.28,2398.53,260.52,64.92,5.61,155.44,0,16.19,70.02,97.99,0.06,0,0,31.25,4.91,751.82,1549.78,22.4,32.07,0,35.21,367.77,498.31,762.93,93.73,300.3,1129.54,382.02,145.07,4163.06,8.21,14.51,0,352.34,421.39,115.88,16.55,0,270.16,121.85,66.85,105.29,82.69,0,1107.96,932.64,157.34,22.95,697,55.35,8575.02,6624.95,35.15,580.23,1025.49,309.2,0,12392.3,69.85,156.28,389.43,82.05,22.07,120.51,2810.52,0,169.05,57.18,2.8,70.72,13.7,0,191.2,1553.34,161.57,220.07,1760.67,290.63,2423.26,211.6,1228.93,203.41,62.6,7.79,18.19,17.04,77.84
"22",2015,24472.06,131.91,109.97,1385.26,928.26,210.07,386.86,329.32,136.5,1088.13,694.76,67.98,811.75,6.47,14.72,1033.97,1177.88,193.88,92.64,23.02,19.95,187.12,499.28,379.68,402.4,14.05,619.5,1094.7,465.6,482.31,341.38,87.05,96.21,141.41,15.97,1508.94,42.44,522.54,143.65,1525.42,165.59,395.88,356.88,296.07,52.75,94.19,154.27,682.02,729.58,493.93,1.72,522.58,265.44,131.64,60.41,197.43,535.09,158.31,16.4,89.52,1002.26,657.15,4857.2,582.47,3.55,686.86,79.41,29.35,5.55,575.48,357.63,0.67,0,2021.6,26.51,488.12,0,9894.85,128.07,2563.27,4307.28,396.81,282.92,22.53,148.79,0,570.96,1237.77,236.45,0,66745.12,38526.08,13.12,4684.72,0,231.23,0,0,27.55,0,0,574.93,1784.31,1931.95,1149.76,9.36,270.08,5090.82,551.52,2.17,524.3,6.14,416.49,10950.59,8508.05,2720.76,212.32,34.21,965.77,222.48,0,0,1.37,36.91,351.81,78.45,0,132.3,134.02,361.98,68.92,12.75,15.88,11,72.04,35.74,14.53,0.96,51.31,0,180.58,4.39,1043.88,49.52,1.96,53.78,204.37,0.71,408.32,786.8,90.07,23.03,125.13,4119.49,1102.5,3.03,71.11,233.7,0,0.62,0,167.13,539.3,1548.97,0,453.13,0,17939.33,2001.36,1890.54,380.23,796.83,0,649.09,0,688.83,2472.05,0,12.19,1581.94,182.69,1534.81,416.69,0,0,0,156.49,97.8,1551.05,71.17,3237.72,216.74,1.11,6444.66,43.36,2.93,1538.12,0,104.45,2401.99,1952.17,401.64,15225.98,142.4,644.78,1.7,12.51,0.19,1516.97,552.32,52.79,0.38,88.03,0,7.47,64.37,62.07,-212.58,0,0,0,2.4,547.77,858.94,9.54,35.64,0,58.71,484.67,398.76,460.9,149.05,161.45,1060.7,391.72,122.49,4605.27,17.44,12.87,0,445.58,287.69,164.97,70.93,62.03,442.07,223.42,36.87,69.28,40.96,259.2,811.26,479.46,199.69,12.66,221.33,45.78,8877.25,6737.36,34.18,768.54,845.1,492.07,0,15259.49,104.31,314.7,874.37,54.78,1.18,130.44,2555.14,0,113.66,71.09,1.77,224.73,12.18,4.79,87.13,1877.79,209.44,261.06,2218.94,578.97,2817,248.83,1853.74,163.53,181.5,18.19,26.35,159.36,94.52
"23",2016,25208.39,106.03,63.69,1573.97,864.28,268.06,304,344.39,131.76,1578.11,656.35,178.6,1187.54,6.66,9.44,1032.66,1211.68,203.42,84.59,32.64,26.73,139.45,456.65,332.46,338.09,29.17,499.19,1190.93,566.73,431.24,316.4,88.74,42.74,112.38,7.96,1383.47,61.85,499.79,120.6,1447.16,184.02,404.64,487.59,286.52,69.93,70.3,192.33,588.45,692.8,484.94,1.71,633.37,262.06,76.45,173.84,182.42,495.07,97.02,22.56,114.82,1296.06,461.89,5585.3,390.65,23.8,1108.11,54.86,66.29,1.24,395.98,401.28,1.12,0,2663.15,3.95,474.87,0,5865.78,130.11,1460.49,2611.59,591.49,42.54,8.28,55.88,0,230.31,529.71,205.38,0,64099.42,37932.27,72.3,5574.67,278.33,162.17,0,0,24.18,0,61.5,844.67,1930.58,1799.46,958.19,42.58,243.54,5136.27,401.76,1.89,675.24,19.97,869.08,7070.77,7229.19,2044.32,145.17,101.79,501.93,87.4,0,0,0.21,3.67,840.44,4.3,0,136.36,214.89,340.83,29.84,0.81,2.98,0.93,241.26,26.83,15.08,12.4,180.45,0,174.09,10.14,471.82,75.27,12.95,63.85,201.48,0.06,349.94,721.05,19.66,15.76,181.23,3642.38,1040.45,9.86,46.16,105.64,0,0,0,73.95,599.44,1268.75,0,498.13,0,18730.11,3653.95,1276.99,170.29,669.44,177.14,564.33,31.04,893.33,2720.75,0,0.17,1594.34,309.04,1787.14,599.74,630.7,2.05,193.24,278.66,0,825.48,98.79,2073,176.17,4.33,6802.09,156.94,0.47,1148.78,0,63.16,2463.9,1694.2,1274.64,14463.1,0.5,417.36,453.67,1.26,0.02,1322,439.44,26.22,0.39,68.62,0,18.11,0,-109.28,-436.91,0,0,0,5.09,603.52,891.65,1.1,219.58,0,38.28,657.05,0,182.27,48.72,225.75,1110.71,334.51,336.19,3885.22,6.59,71.52,0,334.24,381.78,652.46,150.22,42.98,221.53,214.83,38.31,69.83,35.74,183.6,1318.43,396.24,46.26,12.93,292.83,44.22,10458.94,4907.47,2915.24,563.31,1108.54,964.38,0,13098.93,241.49,566.79,149.41,30.08,0.82,151.13,1810.02,0,83.67,203.92,0.1,279.41,0.61,5.85,38.01,1809.14,0,662.48,1994.7,471.58,2063.91,198.2,1303.87,213.75,220.81,13.83,23.73,452.52,109.1
"24",2017,26691.72,132.28,95.16,1459.33,956.37,280.09,283.47,232.4,100.82,1568.85,566.87,146.37,1140.35,48.71,8.41,973.89,996.99,164.07,156.51,19.36,29.72,87.69,462.21,469.72,335.22,25.65,436.11,1244.02,703.91,433.1,424.36,91.28,104.11,77.36,2.87,1503.15,74.75,573.77,152.84,1722.96,208.34,469.5,453.61,293.6,80.29,117.21,218.27,806.76,793.52,436.61,1.66,662.7,304.52,6.74,287.6,175.87,717.97,179.68,8.8,203.13,1461.74,518.5,6364.22,682.61,13.59,1704.07,74.43,103.89,0.82,680.12,106.91,1.01,0,2726.45,3.72,266.6,0,5645.46,36.54,1209.96,2071.19,387.97,101.47,410.01,37.14,0,494.33,566.64,330.21,0,69406.08,38663.98,68.91,7896.57,324.11,105.63,0,45.9,33.44,0,169.1,101.23,1752.03,1822.78,1436.46,114.3,534.92,4730.97,380.54,56.23,613.63,1.47,1504.62,9049.26,7731.42,2310.82,27.03,164.44,541.28,125.22,0,0,115.26,6.8,555.52,47.11,0.03,96.99,313.54,300.04,42.81,3.69,5.62,0.64,2.16,4.02,0.9,16.15,144.18,0,177.71,12.88,633.31,74.98,10.98,79.62,228.91,0.28,412.23,742.16,73.86,19.27,440.98,3247.11,757.48,15.18,138.52,299.98,0,0,0,119.99,0,864.6,39.9,1011.46,0,16253.14,2231.36,-244.24,183.46,536.65,345.98,215.95,0,752.47,2768.38,0,18.83,1257.88,812.92,1416.51,1693.83,488.66,0.85,168.07,203.77,0,1385.41,145.47,1617.12,239.58,14.23,7265.93,61.8,0.4,1783.66,0,109.87,2217.11,1504.67,1588.42,17483.6,3.39,640.98,622.66,2.33,0.08,1576.13,211.11,70.55,0.5,95.27,0,4.16,0,-96.33,-345.95,361.08,0,0,0,344.88,1032.03,5.48,280.09,0,51.59,525.32,0,245.36,1.18,372.94,1433.95,508.61,434.52,3760.38,27.75,220.17,0,538.93,364.76,669.74,155.18,0,205.53,158.65,112.66,53.35,50.23,39.12,2745.24,630.37,258.09,228.67,99.19,44.42,11151.77,5469.15,3786.47,551.84,644.51,699.8,0,14428.24,308.11,1233.78,255.56,28.37,19.13,128.35,2226.27,0,358.08,316.38,0.92,104.85,6.65,0,65.46,1452.16,350.71,588.69,1987.54,300.06,1915.16,215.75,1251.66,139.44,68.36,37.24,11.43,796.67,261.46
"25",2018,27327.94,192.69,71.69,1385.34,1023.04,259.69,379.97,241.16,96.8,1546.38,576.66,10.8,1013.82,28.73,10.81,1021.58,1048.59,216.18,135.82,24.06,140.43,80.15,478.53,530.2,362.02,1.23,404,1311.79,697.96,425.26,520.85,102.3,104.41,80.85,1.97,1705.41,72.11,686.85,151.21,1756.77,206.08,469.85,477.93,317.87,73.94,145.73,230.07,1121.14,864.39,388.45,4.82,616,313.87,1.65,335.88,118.66,818.08,186.89,12.17,207.76,1013.83,504.77,5803.34,726.94,2.21,2003.99,71.99,86.9,0.14,938.24,144.89,0.02,0,1443.39,0.26,384.37,0,6121.21,28.57,1228.23,1704.28,936.87,167.12,415.21,89.65,0,372.41,934.72,244.15,0,74420.89,40916.23,0.12,8605.42,271.87,204.08,0,38.92,33.63,0,120,151.15,1586.05,1933.97,1785.53,68.93,481.81,5013.87,605.08,90.56,551.57,0,1220.37,10741.73,9992.08,2691.98,179.23,205.88,763.67,284.79,156.27,52.09,0,5.14,408.32,104.09,0.05,41.61,672.12,742.61,76.35,3.19,40.3,0.55,1.2,130.24,0.28,0.2,3.11,0,230.4,5.32,933.93,47.11,1.04,114.68,194.25,0.32,436.55,838.99,159.07,14.45,452.7,5387.06,1149.62,2.16,252.77,232.01,0,0,174.8,129.94,0,2369.82,46.9,1029.04,0,20367.81,2310.57,1403.29,139.04,319.07,765,421.04,0,744.97,2336.06,0,20.35,1359.72,1324,1569,1752.51,973.62,0,179.73,244.71,0,2638.52,137.03,1552.84,168.32,8.42,7728.91,55.86,0,2748.25,0,123.51,1888.35,1398.43,1514.51,17411.03,3.08,639.22,13.23,1.77,0.06,2082.78,170.91,69.84,0.21,112.17,0,3.16,0,5.87,-139.4,336.19,0,0,0,1076.44,799.64,107.45,18.18,0,53.96,743.14,0,362.95,114.7,291.47,1256.78,537.21,145.7,3735.23,34.94,141.9,0,767.45,126.65,168.18,151.94,0,299.66,146.05,153.85,82.66,44.56,62.45,2688.8,1040.32,565.98,262.64,48.32,163.38,14165.21,5081.25,4037.26,643.58,3816.81,586.31,0,14876.63,259.9,1025.61,401.84,140.34,53.52,98.69,2278.09,0,366.34,306.43,0.77,95.14,5.57,0,95.3,1454.62,370.87,251.55,2106.48,410.72,2239.56,279.43,1511.7,202.7,74.5,64.82,193.43,367.67,221.04
"26",2019,26626.85,188.38,74.41,1308.67,1147.46,264.75,436.37,331.94,105.35,1613.66,615.28,35.41,1285.91,3.46,6.2,944.51,1049.66,267.51,101.18,84.19,143.29,90.77,474.61,385.71,349.31,1.38,441.73,1328.68,600.44,504.34,435.26,125.88,59.03,52.29,1.02,1588.85,79.98,635.34,70.73,1501.03,142.11,512.92,389.55,335.09,62.17,106.51,226.81,1175.1,953.11,409.11,0,507.12,275.87,4.07,229.22,121.44,735.58,141.75,19.71,174.4,948.98,422.26,5787.2,549.8,21.86,1509.68,24.77,28.21,0,1276.17,163.61,3.65,0,1507.04,22.64,679.77,0,7416.12,0.03,1393.52,2268.33,1574.71,89.68,53.01,98.39,0,649.5,948.39,340.56,0,73469.43,42284.31,3.56,5537.85,88.16,425.69,0,0,124.9,0,341.15,252.39,1481.83,1980.48,1778.64,12.63,190.19,4649.3,725.75,20.54,300.52,0,1405.03,11866.51,9559.05,1926.59,220.47,256.34,697.6,306.36,157.38,50.27,0,2.09,999.93,90.75,0,44.58,579.8,899.73,240.22,0,34.02,95.49,76.45,168.26,1.78,0.06,42.83,0,320.95,2.47,533.14,200.62,0,121.7,205.53,0,333.91,712.43,148.39,20.48,68.43,4177.09,1437.53,0.6,143.34,129.41,0,0,203.21,104.45,15.28,1742.61,12.48,388.18,0,20064.06,2020.15,2590.67,46.6,557.53,693.02,118.48,13.04,1791.16,2061.1,0,9.28,1300.98,945.63,1711.09,766.64,766.39,0,184.19,228.08,0,2026.5,97.15,2132.54,3.84,0,6300.6,74.58,0,1400.79,0,38.75,1923.01,1722.38,1141.09,18672.65,22.44,402.38,20.19,0,0,1847.41,287.87,27.04,0.15,213.72,0,1.9,0,2.6,-3.36,0,0,0,3.85,2355.96,635.39,104.16,37.25,0,57.85,762.99,1174.67,823.95,244.54,281.05,1275.96,876.59,159.71,3583.67,24.39,52.69,0,789.2,180.1,216.58,96.74,0,156.26,54.48,69.42,92.57,43.39,0,1696.9,1661.04,245.04,182.92,1049.16,183.92,11953.16,4915.66,3955.66,585.05,1102.41,1394.38,0,12339.8,355,725.18,266.99,343.16,35.42,96.05,1610.68,0,108.6,290.9,0,366.44,0,0,73.24,685.02,50.5,618.53,1866.65,1515.08,2385.83,280.2,131.67,210.59,17.2,80.33,169.15,9.48,47.91
