;1994M01;1994M02;1994M03;1994M04;1994M05;1994M06;1994M07;1994M08;1994M09;1994M10;1994M11;1994M12;1995M01;1995M02;1995M03;1995M04;1995M05;1995M06;1995M07;1995M08;1995M09;1995M10;1995M11;1995M12;1996M01;1996M02;1996M03;1996M04;1996M05;1996M06;1996M07;1996M08;1996M09;1996M10;1996M11;1996M12;1997M01;1997M02;1997M03;1997M04;1997M05;1997M06;1997M07;1997M08;1997M09;1997M10;1997M11;1997M12;1998M01;1998M02;1998M03;1998M04;1998M05;1998M06;1998M07;1998M08;1998M09;1998M10;1998M11;1998M12;1999M01;1999M02;1999M03;1999M04;1999M05;1999M06;1999M07;1999M08;1999M09;1999M10;1999M11;1999M12;2000M01;2000M02;2000M03;2000M04;2000M05;2000M06;2000M07;2000M08;2000M09;2000M10;2000M11;2000M12
Forbrugerprisindeks, i alt;189,2;189,8;190;190,8;191,7;191,9;191,5;192,2;192,4;192,8;193,3;193,3;193,4;194,2;194,8;195,4;196,2;195,9;195;195,3;196,4;196,5;196,9;196,8;196,6;197,7;198,8;199,3;200;199,8;199,5;199,9;200,9;201,2;201,6;201,4;201,9;202;202,1;202,7;204,1;204,6;204,1;204,9;205,5;205,6;205,9;205,6;205,4;206,3;206,7;207,2;208,2;208,1;207,8;208,1;208,9;209;209,4;209,1;208,9;210,5;211,5;212,1;212,5;213,1;212,7;213,8;214,8;215,2;215,6;215,8;215,5;216,9;218,3;218,7;219,5;220,1;219,2;218,9;220,7;221,1;221,2;220,9
Varer og tjenester, ekskl. bolig;182,9;183,6;183,8;184,8;185,1;185,4;185;185,8;186;186,4;186,8;186,7;186,8;187,8;188,5;189,2;189,6;189,2;188,1;188,5;189,9;190;190,3;190,2;189,9;191,2;192,5;193,1;193,4;193,2;192,9;193,3;194,6;195;194,9;194,6;195,1;195,2;195,2;196;197;197,6;197;198;198,7;198,7;198,7;198,4;198;199,1;199,6;200,1;200,8;200,7;200,3;200,7;201,6;201,8;201,8;201,5;201,1;202,5;203,7;204,3;204,9;205,6;205,1;205,9;207,2;207,6;208,1;208,3;207,8;208,6;210,3;210,8;211,8;212,5;211,5;210,7;212,8;213,3;213,4;213,1
Varer;172;172,8;173,1;174,1;174,3;174,3;173,6;174,8;175;175,3;175,7;175,5;175,3;176,6;177,3;178,1;178,3;177,7;176,2;176,7;178,3;178,2;178,5;178,4;177,6;179,4;180,8;181,4;181,7;181,3;180,7;181,3;182,8;183,1;182,9;182,4;182,7;182,7;182,6;183,5;184,6;185,1;184;185,4;186,3;186,3;186,3;185,7;185;186,3;186,9;187,4;188,1;187,7;187;187,4;188,7;188,7;188,6;188,2;187,2;189,1;190,3;190,7;191,1;191,6;190,9;191,8;193,5;193,6;194,1;194,3;193,1;194;196;196,2;197,1;197,8;196,5;195,4;198,1;198,7;198,6;198,2
Tjenester;220,1;220,5;220,8;221,8;222,3;223,2;223,7;223,5;223,6;224,5;224,8;225,1;225,8;226;226,8;227,3;228,2;228,6;228,7;228,7;229,6;230,3;230,7;230,4;231,3;231,5;232,3;233,1;233,3;234,1;234,1;234,2;234,7;235,4;235,7;235,9;237,1;237,5;237,8;238,5;239;240;240,6;240,7;240,9;240,9;241;241,1;241,7;242,5;242,7;243,2;244;244,6;245,2;245,5;245,3;245,8;246,3;246,4;247,7;247,8;248,8;250,3;251,4;252,8;252,6;253,3;253,4;254,8;255,2;255,4;257,4;257,7;258,6;259,9;261;261,8;261,7;262,1;262,1;262,6;263,4;263,3
Fødevarer;169,2;169,4;170;171;172;172,6;173,7;175;175,5;175,6;175,7;175,7;176,3;177,2;177,9;178,6;179;177,9;178,6;178,6;179;178,8;178,7;178,3;178,7;179;179,4;179,7;180,7;181,1;182,4;182,7;182,8;183,1;183,3;181,6;182,7;182,8;182,4;184,6;186,9;188,9;190,1;190,3;190,5;190,9;190,7;189,6;190,6;190,4;190,3;191,6;192,6;191,8;192,2;191,8;191,9;192;191,5;190,3;191,3;191,2;190,9;191,4;191,6;192,6;192,6;193,6;193,9;194;195,2;194;195,2;196,3;196,2;197;198,1;199;198,7;197,5;196,7;197,8;197,6;198
Marmelade, syltetøj m.v.;139;139;139;139;139;139;139;138;138;140;143;144;144;142;144;146;145;144;142;143;145;146;144;144;144;145;146;147;145;147;148;150;150;151;151;151;151;151;151;151;151;149;151;152;152;153;153;153;154;156;157;156;159;158;160;158;159;160;160;160;163;163;162;162;163;162;163;164;163;168;165;166;167,3;167,3;167,3;168,6;168,6;168,6;168,6;168,8;166,8;166,8;166,8;166,8
Chokoladevarer;220;221;221;222;222;222;223;223;223;223;224;224;225;226;226;226;226;225;226;227;225;226;227;228;228;229;230;232;232;232;232;232;233;234;234;234;234;235;235;235;235;235;235;235;238;239;239;239;244;246;250;250;250;250;252;252;252;253;254;254;255;255;255;255;257;257;257;257;257;257;257;258;257,6;258,5;258,9;259,1;259,1;259,1;259,1;259,1;260;260,5;260,5;261,9
Sukkervarer;246;247;247;250;252;252;253;253;253;255;255;255;256;256;257;257;257;257;257;257;258;260;260;260;260;258;259;260;260;259;260;259;261;264;266;267;268;269;270;270;272;272;273;273;274;274;274;275;278;279;281;282;282;283;283;283;283;284;284;284;285;284;284;286;288;288;288;288;288;288;288;288;288,5;289;289,3;289,3;289,3;289,6;290,9;291,5;291,5;292,3;292,5;292,9
Flødeis;137;137;137;137;141;141;141;141;141;141;141;141;142;137;137;144;144;144;144;143;143;143;145;145;147;147;147;141;144;140;140;141;141;141;141;141;141;141;141;139;139;137;137;137;139;139;139;139;140;140;140;140;143;143;143;143;147;147;147;147;147;151;151;151;151;151;151;151;151;151;151;151;153,6;153,6;153,6;154,7;154,7;154,7;154,7;154,7;154,7;154,7;154,7;154,7
Krydderier og andre kolonialvarer;197;196;198;198;198;196;196;196;196;196;197;197;197;196;195;196;198;197;198;196;196;196;195;196;196;198;199;199;200;200;200;200;201;201;201;201;201;203;204;205;206;206;205;205;206;206;206;207;206;207;208;212;214;216;217;217;217;217;217;215;217;217;217;218;218;217;217;217;217;217;217;217;212,2;212,1;213,3;215,3;215,3;215,7;217,6;217,6;218,2;218,2;219,3;219,3
Ris;194;194;194;194;194;194;195;195;194;194;194;184;195;192;192;192;192;194;194;194;194;194;199;199;197;197;208;208;208;210;210;208;210;210;208;201;209;207;207;207;207;205;204;204;204;204;204;204;204;204;204;204;204;203;203;206;206;206;206;206;206;206;206;206;206;206;206;206;206;206;206;206;205,7;205,7;205,7;205,7;205,7;205,7;205,7;204,2;204,2;204,2;204,2;204,2
Mel og gryn;166;166;167;167;167;166;165;165;165;165;165;165;162;161;161;161;161;161;161;161;157;161;162;162;162;162;162;162;162;162;162;162;162;162;162;162;163;163;163;163;161;161;164;164;164;163;163;163;163;163;163;163;163;165;165;165;164;164;165;165;168;168;168;171;171;171;172;173;173;173;173;173;172,8;172,8;172,8;174,3;174,3;172,2;172,2;172,3;172,3;172,3;175,3;176,8
Brød;201;201;202;203;204;204;202;203;203;203;204;204;205;205;205;205;206;207;207;206;208;207;208;208;208;209;209;210;212;213;212;213;212;212;213;212;212;212;213;214;214;215;214;216;215;215;216;217;218;218;219;219;221;220;220;221;223;223;221;221;220;222;225;225;226;225;225;225;227;225;226;226;227,5;229,1;230,5;232,2;232,3;232,7;233,6;233,5;233,6;233,7;234,4;235,3
Kager, kiks;233;234;235;236;236;235;237;237;237;237;237;237;240;240;241;241;243;243;243;244;244;244;245;245;246;244;243;245;245;245;245;246;247;247;247;247;249;249;249;250;249;250;250;250;250;250;251;252;249;251;257;258;259;259;260;260;263;264;263;263;263;264;265;265;266;267;265;265;266;265;266;267;267,7;268;268,5;268,5;268,8;269,1;269,4;269,7;270,1;269,9;270;270,2
Andre produkter af mel m.v.;255;255;255;255;257;254;253;248;251;251;251;251;251;251;252;252;249;244;244;249;250;251;251;251;253;253;253;255;259;259;260;260;260;258;258;258;258;258;257;257;258;254;248;250;250;250;250;250;250;250;251;251;251;251;249;255;255;254;256;256;256;250;251;248;248;248;248;248;248;248;246;248;242,8;242,8;242,8;242,8;248,7;254,4;257,5;257,5;257,5;257,5;257,2;254,4
Oksekød;163;162;162;164;166;167;167;167;167;167;166;165;166;167;168;166;167;169;172;171;169;166;166;166;168;169;169;166;169;171;170;166;171;171;171;171;170;175;174;174;171;178;177;172;173;178;175;178;179;176;176;179;176;179;175;177;174;173;170;171;175;171;171;175;175;172;177;175;179;179;187;184;180,7;177,3;179;182,2;185,2;187;188,6;183,6;185,2;186,9;181,8;186,8
Kalvekød;171;170;170;173;172;174;177;173;172;174;172;172;176;176;177;179;178;178;182;176;176;179;177;178;178;180;179;180;182;181;184;181;182;187;184;176;175;180;179;177;183;187;190;185;182;185;183;182;185;187;184;188;187;179;184;186;186;178;184;183;178;180;181;185;186;186;188;196;192;193;195;198;198;197,3;196,4;201,1;206,1;203,9;205,3;202,6;198,5;204,6;204,6;205,7
Svinekød;148;150;150;148;150;155;156;153;154;153;151;147;152;153;154;158;158;159;161;160;160;159;152;145;155;157;157;156;158;165;166;164;165;168;162;144;162;161;150;161;183;189;187;185;182;180;177;162;173;171;169;171;173;169;166;152;156;156;151;134;147;149;146;148;154;157;165;167;163;157;161;159;163,9;164,9;165,9;159,5;168,9;173,4;181,3;177,6;170,6;176,1;168,3;168,4
Lammekød;157;156;153;153;148;156;159;161;159;162;159;157;152;153;157;153;153;155;152;146;148;152;153;150;151;149;138;146;147;149;149;155;155;160;163;169;166;169;155;169;175;176;180;182;180;179;183;187;184;185;186;175;187;193;186;181;181;179;184;174;175;170;165;160;162;164;170;165;165;165;170;176;180,4;177,4;176,1;154,9;168,6;167,6;174,5;175,3;167,2;172,1;172,4;173,2
Fjerkræ;129;129;129;129;128;128;128;128;127;128;128;128;128;128;127;128;128;128;128;128;128;128;128;128;127;127;127;127;127;129;132;132;132;134;134;132;133;130;136;137;137;138;139;140;138;140;139;140;138;137;139;138;140;141;142;142;144;142;142;144;145;146;143;145;145;144;146;143;145;145;147;147;146,8;147,5;148,8;149,6;149,1;150,8;152,5;153,2;152,6;151;152,3;155,5
Forarbejdede kødvarer;159;159;157;159;161;161;160;163;162;161;162;161;162;163;162;165;166;167;167;166;167;166;168;166;166;167;166;168;168;170;172;173;176;176;176;175;175;176;172;174;179;186;195;194;191;190;189;188;186;184;182;181;183;183;181;180;176;174;173;173;172;172;171;169;170;171;174;176;178;179;181;181;179,7;180,1;179;179,6;181,5;183,4;183,3;183,8;182,5;186;185,4;185,9
Varer med kød, kødkonserves, færdige kødretter;182;182;183;183;184;185;184;185;185;186;186;185;187;187;188;189;189;190;190;190;190;191;191;190;191;191;191;192;194;194;194;193;194;196;197;196;195;196;197;198;200;204;204;202;203;204;204;203;204;203;204;205;205;205;205;204;204;203;202;203;202;203;204;204;204;204;205;205;205;204;205;205;205,9;205,7;207,5;206,4;208,7;208,8;210;207,6;208,7;208,4;209,5;206,8
Andet kød, kød af indvolde;134;135;136;138;140;141;142;141;140;142;142;143;144;145;146;147;147;147;148;149;147;147;146;146;147;147;147;147;149;151;152;150;148;145;146;148;144;149;149;150;154;158;160;159;159;155;151;153;156;156;153;155;157;154;157;143;149;153;144;139;150;154;149;148;153;154;150;149;150;152;153;152;145,5;152,1;150,4;150,6;147;150,7;151,4;152,5;151,6;151,1;149,7;151,5
Fersk og frossen fisk;256;257;263;261;258;259;263;264;261;263;264;262;256;262;256;260;265;265;278;276;268;260;263;259;264;269;265;267;269;273;279;276;267;270;277;270;281;279;275;274;279;279;290;293;283;282;282;278;293;291;293;291;291;301;294;295;303;318;318;299;310;313;312;313;315;317;315;319;325;306;322;313;312,3;312,7;320,2;314,7;318,2;322,6;322;324,5;323,7;333,7;337,4;326,4
Røget fisk;134;133;134;133;135;136;130;133;134;130;131;130;135;133;135;134;137;135;131;134;134;133;131;129;132;131;135;135;134;133;135;139;139;137;139;136;142;148;152;153;156;159;161;162;164;165;160;159;163;163;162;163;172;173;173;173;175;175;179;176;174;175;170;167;166;168;167;169;168;164;167;168;166,8;167,8;168,7;168,9;171,3;171;173,4;170,9;171,3;173;172,3;172,2
Fiskekonserves, tilberedt fisk;162;162;162;162;162;162;163;162;162;164;164;164;164;164;165;166;167;167;168;169;169;172;171;172;175;175;175;175;175;175;176;180;180;180;181;181;182;179;180;181;182;182;182;182;181;181;180;182;183;183;183;183;185;185;185;186;185;187;187;188;188;190;191;191;190;192;194;194;194;194;194;194;194,1;194,1;194,5;195,6;195,7;195,7;195,7;194,3;195,6;195,8;197,9;198
Andre fiskeprodukter;165;165;165;165;165;160;167;167;174;175;176;172;184;189;191;191;185;197;204;206;207;208;208;208;208;208;216;216;209;212;216;216;216;216;216;213;213;211;214;214;212;212;218;218;218;219;223;216;233;233;237;237;239;233;233;241;244;251;251;251;251;251;243;255;255;256;256;256;256;249;258;259;258,9;258,9;258,9;258,9;258,9;260,8;260,8;265,1;266,9;266,9;268,7;274,8
Frisk mælk;183;182;182;182;183;183;183;183;182;183;183;183;183;183;183;183;184;186;190;190;190;189;188;188;188;188;188;188;187;187;187;192;193;192;203;200;200;199;199;204;204;204;204;204;204;205;205;205;205;205;205;204;204;204;204;204;204;204;204;204;204;204;204;204;204;204;204;204;203;203;203;203;203,3;203,1;203,1;203,4;203,7;203,4;203,9;204,2;203,9;202,3;216,1;216,3
Andre mælkeprodukter;158;158;158;160;162;162;163;162;162;162;161;160;161;161;160;159;161;162;164;164;164;163;163;162;163;163;162;162;163;163;164;165;165;167;168;167;167;168;167;168;167;168;168;168;169;169;172;171;172;173;172;171;172;173;173;174;174;173;174;174;174;174;177;181;182;181;181;182;182;188;188;187;188,3;188,1;185,9;184,8;183,8;182,8;184,6;183,7;183,6;181;185,1;186,9
Ost;181;180;182;181;182;182;182;182;179;181;178;178;179;182;182;180;182;182;182;182;184;183;183;182;183;183;182;182;183;182;184;185;185;184;185;183;184;185;184;186;186;186;186;187;186;186;187;185;186;186;186;186;187;187;188;188;187;187;186;185;188;191;191;189;189;189;188;190;189;193;193;192;193,4;192,6;192,1;194,3;194,1;192,2;195,2;195,5;193,2;194,1;195,3;193,9
Æg;166;164;165;168;168;172;170;170;170;171;171;170;173;173;174;176;176;175;177;178;177;184;182;181;185;183;187;189;193;195;198;200;199;200;201;200;200;206;206;209;208;209;210;210;208;204;206;208;210;212;210;211;212;213;211;213;213;218;220;214;210;212;212;211;206;208;211;209;205;210;209;208;207,2;204,6;209,9;213,6;211,5;214,9;216,7;216;217,7;220,8;219,2;223
Smør;163;162;162;162;163;163;163;163;162;163;163;162;163;162;161;163;166;166;166;166;167;166;167;166;165;166;165;165;165;165;165;170;171;171;173;174;174;174;174;174;174;174;174;174;174;174;174;174;175;175;173;173;173;173;173;173;173;173;173;173;175;176;176;176;176;176;176;176;176;184;186;186;185,6;186;186,4;186,2;186,3;186,4;186,3;186,4;186,3;195,4;196;195,7
Margarine;171;172;174;175;175;175;177;175;174;174;175;175;174;175;177;179;180;180;180;182;183;185;186;186;186;189;188;186;189;191;190;192;193;194;194;194;194;194;193;198;199;201;203;203;202;205;210;211;212;212;212;218;220;216;216;222;222;217;217;218;221;220;220;220;220;222;222;222;222;221;219;219;214,1;214,1;209,6;209,7;209,7;209,7;209,7;210,4;210,4;210,5;210,5;210,5
Andre fedtstoffer;157;158;164;165;165;166;166;166;164;164;164;164;163;163;161;161;158;158;158;158;158;158;158;154;154;154;157;157;158;158;158;158;158;158;157;157;157;157;157;157;157;154;154;155;155;154;154;154;157;160;160;160;160;162;162;165;165;165;165;165;163;163;163;157;155;155;155;151;150;148;146;146;145,6;145,6;145,6;145,6;145,6;142,4;142,4;143,4;143,4;143,4;148,8;148,8
Frisk frugt;139;141;142;146;146;148;154;155;153;150;149;157;155;153;156;156;155;151;152;150;152;153;157;157;154;155;158;164;162;155;159;163;161;158;157;156;153;152;154;155;151;147;147;151;157;162;164;167;154;153;151;153;155;149;154;153;154;158;157;162;157;156;154;154;150;149;152;157;160;161;181;152;158,7;161,7;158,6;157,5;166,3;167,4;170,5;160,4;156,5;157;155,1;156,7
Tørret frugt;164;166;169;170;172;174;174;174;174;171;164;164;164;164;164;164;164;164;173;176;174;179;177;178;178;178;179;181;181;181;181;181;182;182;181;181;180;178;179;179;179;181;181;183;183;182;182;182;184;186;186;186;186;186;186;186;186;184;184;184;186;190;190;190;191;190;187;188;188;189;189;192;184,7;184,7;188,7;189,3;189,3;191,7;191,7;193;193,2;193,2;193,2;194,9
Frugtkonserves, saft;227;227;224;226;225;224;225;224;224;224;224;218;219;222;230;230;228;228;227;226;237;245;245;245;250;251;250;245;243;238;243;244;244;244;244;244;244;244;246;246;244;244;247;247;247;247;247;247;251;254;255;255;257;259;259;260;262;262;265;269;267;267;267;266;266;266;266;266;266;266;266;266;265,1;265,1;270,7;278,6;280,6;284,6;284,6;285,8;285,8;285,8;285,8;285,9
Friske grøntsager;167;172;178;182;185;188;198;204;204;193;185;182;185;190;189;191;192;194;199;205;203;189;188;195;185;191;200;201;203;205;210;201;191;186;188;191;195;181;185;190;199;205;204;201;209;202;202;198;202;199;197;209;211;216;217;216;214;220;224;223;215;206;207;210;208;214;214;217;212;209;219;214;221,1;236,7;227,8;242,7;234,4;249,3;236,5;233,2;230,3;221,8;226,1;227,1
Frosne grøntsager;165;165;164;166;165;165;165;165;167;166;166;166;165;168;168;159;170;170;171;163;178;179;173;185;185;185;178;178;191;192;196;196;196;196;196;195;195;195;193;187;187;197;194;194;195;195;195;195;189;197;199;199;199;199;199;199;199;199;194;194;203;204;204;204;204;202;202;202;202;202;200;195;200,3;200,3;200,3;200,3;200,3;200,3;200,3;200,3;200,3;200,3;200,3;196,9
Grøntkonserves;168;168;168;169;169;171;171;170;167;166;166;166;169;169;170;171;171;170;169;170;168;168;168;169;169;169;172;169;173;174;176;176;177;176;175;174;174;175;175;176;176;176;177;177;177;176;179;179;181;183;185;184;185;186;186;186;186;186;185;188;187;186;188;189;190;189;189;190;190;189;189;187;185,7;186,2;180,9;181,1;181,1;181;181;180,4;182,5;181,1;181,1;180,1
Kartofler;188;186;191;194;198;193;192;202;211;212;227;240;236;253;268;265;263;209;204;209;211;213;216;220;217;217;213;211;213;210;219;216;220;220;218;219;212;215;209;210;207;203;207;213;219;227;223;225;225;226;222;225;225;205;220;245;249;249;253;264;276;274;272;264;257;288;244;245;261;264;260;254;261,3;260,5;260;257,6;251;229,8;174;177,1;183,4;181,1;182;181,6
Sukker;104;106;106;106;106;106;106;106;106;106;106;106;106;106;106;106;106;106;106;109;106;106;110;110;110;110;110;110;110;110;114;114;114;114;114;114;114;114;114;114;114;114;114;114;114;114;114;115;114;114;115;115;115;116;116;118;116;116;116;116;116;116;117;116;116;115;115;115;115;116;116;116;116;116;116;116,5;116,5;116,5;116,5;117,1;117,1;117,1;118;118
Kaffe;94;94;94;94;95;96;105;117;125;131;133;133;131;129;128;127;124;126;125;124;122;122;120;117;116;113;111;111;113;113;112;112;111;111;108;107;107;110;115;124;127;133;139;144;143;141;141;139;140;141;140;140;141;139;137;133;128;123;122;116;114;113;112;111;112;111;111;114;113;111;110;107;110,5;114,7;115,6;115,7;116;115,6;116,5;116;112,2;112,1;111,1;111,3
Te;147;147;147;147;147;146;146;146;146;146;146;147;147;147;149;149;146;143;143;143;143;143;142;145;145;145;143;143;147;147;147;147;148;148;155;155;155;155;155;156;157;157;159;159;159;161;167;168;171;173;175;175;175;177;177;177;177;177;177;177;177;177;172;180;180;181;183;179;188;188;188;190;189,7;189,7;189,7;191;191,7;194,9;194,9;189,9;197,6;197,6;197,6;197,6
Kakao;117;117;117;116;116;116;116;116;116;116;116;116;116;116;116;116;116;116;116;116;116;116;116;116;116;116;118;118;118;118;118;118;118;118;118;118;118;118;118;118;120;120;120;120;120;120;120;120;123;127;127;126;126;126;126;126;126;127;127;127;127;127;127;127;127;127;127;127;127;127;127;127;126,8;126,8;126,8;126,8;126,8;126,8;126,8;127,9;127,9;127,9;129;129
Drikkevarer;154,1;154,1;154,3;154,6;154,6;154,6;154,5;154,7;154,5;155,9;156,3;156,4;156,7;156,8;156,9;157;157,1;157,1;157,3;157,6;157,5;157,8;157,9;158;158,2;158,7;158,9;159,2;159,2;160,5;160,7;161,5;161,7;162,1;162,1;162;162,1;162,8;163,1;163,5;164,8;165,2;165,3;165,8;165,8;165,7;165,8;165,9;167,9;168,9;169,1;169;169,3;169,6;169,6;169,9;170,7;170,3;170,2;170,5;170,4;171,1;171,5;171,6;172;173,3;173,5;173,5;174;173,2;173,9;173,4;173,5;173,8;173,5;173,6;176,4;177,7;178,7;178,8;179;179,1;179,8;179,8
Drikkevarer og tobak;167,3;167,3;167,3;168,8;169,1;169,1;169;169,2;169;169,9;170,1;170,1;170,3;170,4;171,4;171,7;171,8;171,8;171,9;172;172;172,2;172,2;172,3;175,1;175,5;176,9;177,1;177,1;177,9;178;178,5;178,6;178,8;178,8;178,8;178,8;179,3;179,5;179,7;181,5;182,3;182,3;182,6;182,6;182,6;182,6;182,7;183,9;184,6;184,7;184,7;186,2;186,3;186,3;186,6;187,1;186,8;186,8;186,9;186,9;187,3;187,6;187,6;188;189,1;189,2;189,2;189,6;189,1;189,4;190,1;190,2;190,3;189,9;190,2;192;193;193,6;193,7;193,8;195,8;196,7;196,7
Sodavand o.l.;190;190;190;190;190;190;189;191;190;198;199;200;201;201;201;201;201;201;200;201;201;202;202;203;204;207;209;211;209;212;214;216;217;217;217;217;217;221;222;222;223;224;224;225;225;226;226;225;237;242;242;242;243;243;243;244;244;244;244;245;244;247;248;249;247;247;248;247;248;245;249;246;246,9;247,9;246,2;247;252,3;254,2;256;256,3;256,4;257,4;258,5;259
Spiritus;175;175;175;176;176;176;177;177;177;177;177;177;177;177;177;177;177;178;179;179;179;179;179;178;179;179;179;180;180;180;175;175;175;175;175;175;175;175;175;175;175;175;176;176;176;176;176;176;177;177;176;176;177;177;177;178;178;178;178;178;178;178;178;178;179;180;180;180;180;180;180;179;179,3;179,3;178,8;178,2;179,1;179,1;180,2;180,5;180,5;180,6;180,6;180,4
Vin;148;148;148;149;149;149;149;149;148;149;150;150;150;151;151;151;151;151;152;152;152;153;153;153;153;153;153;153;153;153;154;154;154;154;155;155;155;155;155;155;156;156;156;156;156;156;156;157;157;157;157;157;158;158;158;158;160;159;159;159;160;159;160;160;160;162;162;162;162;162;163;163;162,8;163;163,1;163,6;163,6;163,7;164,3;164,4;164,7;164,7;165,8;165,8
Øl;137;137;137;137;137;137;137;137;137;137;137;137;137;137;137;137;138;138;138;138;138;138;138;138;138;138;138;138;138;140;142;143;143;143;143;143;143;143;144;144;146;147;147;147;147;147;147;147;147;147;148;147;147;148;148;148;148;148;148;148;148;148;148;148;150;151;151;151;152;151;151;151;151,1;151,3;151,2;151;155,1;157,2;158,2;158,3;158,4;158,2;158,6;158,5
Tobaksvarer;185,1;185,1;185,1;188,1;188,8;188,8;188,8;188,8;188,8;188,8;188,8;188,8;188,8;188,8;191,2;191,7;191,7;191,7;191,7;191,7;191,7;191,8;191,8;191,8;198,2;198,4;201,5;201,6;201,6;201,6;201,6;201,6;201,6;201,6;201,7;201,7;201,7;201,7;201,7;201,7;204,2;205,5;205,5;205,5;205,5;205,5;205,5;205,5;205,5;205,5;205,5;205,4;208,9;208,8;208,8;208,9;208,9;208,9;208,9;208,9;208,9;208,9;208,9;208,9;209,3;210;210;210;210;210;210;212,5;212,5;212,5;212,5;212,5;212,7;212,7;212,7;212,7;212,7;217,8;219,1;219,1
Cigaretter;168;168;168;171;171;171;171;171;171;171;171;171;171;171;174;174;174;174;174;174;174;174;174;174;174;174;177;177;177;177;177;177;177;177;177;177;177;177;177;177;180;180;180;180;180;180;180;180;180;180;180;180;183;183;183;183;183;183;183;183;183;183;183;183;183;183;183;183;183;183;183;186;185,6;185,6;185,6;185,6;185,6;185,6;185,6;185,6;185,6;191,6;191,6;191,6
Cigarer, cigarillos, cerutter;195;195;195;203;203;203;203;203;203;203;203;203;203;203;203;210;210;210;210;210;210;210;210;210;210;210;218;218;218;218;218;218;218;218;218;218;218;218;218;218;218;226;226;226;226;226;226;226;226;226;226;226;233;233;233;233;233;233;233;233;233;233;233;233;241;241;241;241;241;241;241;241;241,4;241,4;241,4;241,4;248,4;248,4;248,4;248,4;248,4;248,4;248,4;248,4
Andre tobaksvarer;301;301;301;301;307;307;307;307;307;307;307;307;307;307;306;306;306;306;306;306;306;307;307;307;360;362;363;363;363;363;363;364;363;364;364;364;364;364;364;364;364;373;373;373;373;373;373;373;373;373;373;372;377;376;376;378;378;378;378;378;378;378;378;378;378;384;384;384;384;384;384;384;383,5;383,5;383,5;383,5;383,3;383,3;383,3;383,3;383;383;393,9;394,2
Beklædning;173;182;184;185;185;182;172;179;183;186;185;184;172;179;185;186;186;183;167;171;186;186;185;184;164;177;186;185;185;183;169;175;186;185;185;185;180;178;179;186;186;184;168;174;187;186;186;185;164;180;187;187;187;186;170;178;189;189;189;189;166;183;190;190;190;189;174;175;190;191;190;190;168,2;166;182,3;185,4;186;185;169,5;160,2;182,8;185,8;186,1;185,1
Beklædning og fodtøj;172,2;180,1;181,6;182,7;182,6;180,5;171,9;178;181,7;183,5;183,4;182,1;172,3;178,1;182,8;183,7;183,8;181,5;167,8;171,8;185;184,6;184,6;183,7;166,1;176,6;184,5;183,8;183,7;182,1;170,2;174,9;184,9;184,4;184,2;183,9;179,2;177,4;178,8;184,6;184,4;183,3;168,4;174,2;185,7;185,5;185,5;184,5;165,8;179;186,6;186,4;186,8;185,5;171,5;178,1;187,7;187,9;188;187,4;166,4;182,2;189,9;189,8;189,9;189,2;175,7;176,9;191;191,3;190,7;190,5;171,3;169;182,7;185,8;186,3;185,2;172,2;164,3;183,6;186;186,4;185,4
Herrebeklædning;183;185;189;190;190;189;184;185;188;192;192;191;188;187;192;192;192;189;174;177;192;192;191;191;169;184;192;191;191;189;176;183;192;192;192;192;186;184;186;193;192;191;175;183;194;194;193;192;171;187;194;194;195;194;178;187;196;196;197;197;173;190;198;198;198;197;182;182;198;198;198;198;178,7;176,2;193,2;196,7;196,7;196;181,6;172,7;195,5;197,4;198,1;197,6
Damebeklædning;169;187;187;189;188;184;167;181;187;189;188;185;165;179;187;189;189;185;163;170;189;189;188;186;161;177;188;188;187;184;166;173;188;187;186;186;179;178;179;187;187;185;163;169;187;187;187;185;161;179;187;187;187;185;165;174;189;189;189;188;161;179;189;189;189;188;168;171;189;190;188;188;161,8;157,7;177,3;180,6;181,6;180,6;161,7;149,3;175,8;180,2;180,6;178,8
Andre beklædningsvarer, tilbehør, reparation;158;158;158;159;159;159;158;158;159;159;159;159;159;159;159;160;160;160;158;160;161;161;161;161;158;160;162;162;162;161;160;161;163;162;162;162;161;160;160;162;163;162;159;163;164;164;164;164;158;161;166;166;167;167;163;166;169;169;169;169;161;170;170;170;170;170;165;167;172;172;172;172;160,1;163,9;168,8;170,6;171,2;169,2;162,7;161,9;171,7;172,6;172,1;172,5
Fodtøj;168;170;172;172;172;171;170;170;172;172;173;173;170;172;173;173;173;173;172;172;178;178;180;180;176;172;178;177;177;177;174;174;178;178;178;179;177;175;175;178;177;177;173;175;181;180;181;181;173;175;183;182;183;181;177;177;180;180;180;179;170;180;189;189;190;190;185;189;194;195;193;193;184,5;181,7;184,7;187,9;187,7;186,5;183,7;181,7;187,4;187,4;187,7;187
Herrefodtøj;186;188;190;190;190;189;188;189;191;191;191;191;186;191;192;192;193;193;192;190;197;197;199;199;196;192;197;197;197;197;194;194;196;196;196;196;194;192;193;194;193;193;188;191;199;199;200;200;191;193;202;200;204;202;197;200;201;201;201;201;192;198;206;205;208;207;201;208;213;212;212;212;205,7;202,6;205,7;208,3;208,4;205,3;202,2;200,9;205,9;205,9;205,9;205,8
Damefodtøj, børnefodtøj;150;152;153;153;153;152;150;151;153;153;154;154;152;152;153;153;153;153;152;154;159;158;160;160;156;153;159;157;157;157;154;154;159;159;159;160;158;156;157;160;159;159;154;157;161;161;161;161;154;157;163;163;163;161;158;156;159;160;159;158;150;160;170;170;171;170;167;169;173;175;173;173;163,4;160,9;163,8;167,2;166,8;166,6;163,9;161,7;167,5;167,6;168;167
Reparation, andet til fodtøj;218;219;220;219;221;221;221;221;221;221;221;222;222;222;222;223;223;224;224;224;223;223;224;224;224;224;225;225;225;225;226;226;226;226;226;226;226;226;226;226;226;226;226;226;228;228;226;226;226;226;226;227;228;228;228;228;228;228;229;229;229;230;231;231;231;232;232;232;237;237;238;238;237,7;237,9;237,9;238,3;238;238,1;238,2;238,2;238,2;238,2;239,1;239,1
Bolig;217,7;217,7;217,8;217,8;220,8;220,9;220,9;221;221,1;221,1;222,8;222,8;223,4;223,5;223,6;223,6;226;226;226;226,1;226,2;226,3;227,3;227,3;227,8;227,8;227,9;228;230,3;230,3;230,3;230,4;230,5;230,5;232,8;232,9;233,7;233,8;233,7;233,7;237;237,1;237,1;237,2;237,2;237,3;239;239;239,8;240;239,9;240;242,5;242,6;242,7;242,8;242,7;242,6;244,5;244,5;245,3;247,7;247,9;247,6;248;247,9;248;250,2;250,2;250,2;250,3;250,3;251,5;255,2;255,2;255,2;255,3;255,3;255,2;257,1;257,1;257,1;257,3;257,2
Husleje, helårsbolig;214;214;214;214;217;217;217;217;217;217;219;219;219;219;219;219;221;221;221;221;221;221;222;222;222;222;222;222;224;224;224;224;224;224;227;227;227;227;227;227;231;231;231;231;231;231;232;232;232;232;232;232;235;235;235;235;235;235;237;237;237;240;240;240;240;240;240;242;242;242;242;242;242,5;246,8;246,8;246,8;246,8;246,8;246,8;248,8;248,8;248,8;248,8;248,8
Husleje, fritidsbolig;238;238;238;238;247;247;247;247;247;247;247;247;247;247;247;247;258;258;258;258;258;258;258;258;258;258;258;258;264;264;264;264;264;264;264;264;264;264;264;264;271;271;271;271;271;271;271;271;271;271;271;271;272;272;272;272;272;272;272;272;272;272;274;274;276;276;276;278;278;278;278;278;277,7;281,7;281,6;281,6;282,2;282,2;282,2;284;284;284;284;284
Vedligeholdelse;213;213;214;214;215;215;215;217;218;218;220;220;221;222;224;224;225;226;226;227;228;229;230;231;232;233;234;235;236;236;236;237;238;238;238;240;240;240;240;240;241;241;241;242;242;244;244;244;246;248;247;248;249;249;250;251;250;249;252;252;252;253;254;251;255;254;255;255;256;255;257;257;261,5;259;258,9;259,9;260,1;259,9;259,4;260,7;260,6;261,7;263,6;263,2
Vand, renovation;514;514;514;514;514;514;518;518;518;518;518;518;573;573;573;573;573;573;575;575;575;575;575;575;612;612;612;612;612;612;611;611;611;611;611;611;662;662;662;662;662;662;663;663;663;663;663;663;706;706;706;706;706;706;706;706;706;706;706;706;753;753;753;753;753;753;753;753;753;753;753;753;790,8;790,8;790,8;790,8;790,8;790,8;791;791;791;791;791;791
Brændsel, el, gas varme;187;186;185,2;186,8;186,3;186,1;185,2;184,9;184,7;183,9;184,6;183,5;184,4;185,7;184,6;185,3;184,8;184,8;184,4;184,5;185,3;184,6;185,1;187;191,8;194,9;194,8;195,8;194,3;192,9;194,7;194,5;197,7;200;198,8;199,5;203,4;203;202,1;200,4;201,4;200,5;200,8;202,7;201,8;202,5;202,7;201,6;208,1;207,9;206,4;207;207;206,2;209,4;207,4;209,4;209,3;208,7;208,4;209,3;209,7;211,6;212,8;214,3;215,6;219,7;221,6;223,8;224,9;226,3;229,3;234;237,2;238,2;238,1;238,4;238,7;239,3;239,9;246,4;247,4;246,3;245,5
Elektricitet;194;195;195;195;195;195;194;194;194;194;194;194;198;199;199;199;199;199;199;199;199;199;199;199;211;211;211;211;211;211;211;211;211;211;211;211;219;220;220;220;220;220;221;221;221;221;221;221;242;242;242;242;242;242;240;239;239;239;239;239;245;245;245;245;245;245;251;251;251;251;251;251;256,9;256,9;256,9;258,5;258,5;258,4;258,6;258,6;258,6;256,3;256,3;256,3
Gas;148;147;147;147;148;148;148;148;148;144;144;145;144;145;145;141;142;142;142;142;142;145;145;145;149;149;153;156;156;156;153;154;157;163;163;163;167;167;167;160;160;160;161;159;163;163;163;164;164;160;156;156;156;157;164;163;159;157;161;159;154;154;156;157;164;166;164;169;175;177;182;181;196,9;202,1;198,2;203,5;202,6;202,7;206,7;205,4;209,6;223,9;230,1;229,6
Flydende brændsel;175;172;170;175;173;172;170;170;170;169;170;167;166;169;166;169;167;167;167;167;170;167;168;174;173;182;181;183;178;174;180;180;189;195;190;193;195;191;187;184;188;184;184;194;188;191;192;186;179;182;177;180;180;176;187;180;186;184;179;179;179;180;187;192;194;189;198;203;209;212;215;229;231,2;233,5;242,2;234,1;236,6;238,3;238,3;242,7;275,7;274,2;263,2;259,3
Fjernvarme m.v.;222;222;222;221;221;221;221;220;219;220;220;219;219;220;220;220;220;219;219;219;218;219;219;219;221;221;221;221;221;221;221;221;221;221;221;221;221;221;221;221;222;222;222;222;222;222;222;222;224;224;224;224;224;224;225;226;230;232;232;232;231;231;231;231;231;239;240;240;240;240;240;240;240,1;246,6;246,6;246,6;246,6;246,6;246,6;246,6;246,6;246,7;246,7;246,7
Boligudstyr, husholdningstjenester;179,8;179,9;180,9;180,9;180,8;180,9;180,7;180,4;181,2;181,5;182;182;182,7;183;184,2;184,6;185,1;185;185,1;184,8;185,3;185,5;185,5;185,8;185,5;186,1;186,9;187,5;187,8;187,9;187,7;187,7;188,6;188,6;188,5;188,6;188,7;188,9;189,3;189,5;189,7;189,7;189,5;189,5;190;190;190,1;190,1;190,6;191,2;191,8;192,4;193;193,2;193;193,1;194,6;194,9;195,2;195,3;195,1;197;198,2;198,3;198,3;198,7;198,3;198,1;199,6;199,8;199,9;200,1;201,2;201,6;201,9;202,1;202,5;202,7;202,5;202,7;203;203,2;203,5;203,8
Møbler;188;188;189;189;189;189;189;190;190;191;191;191;192;193;194;195;195;195;195;195;195;195;195;196;196;197;197;198;198;198;198;198;199;199;199;199;200;200;201;201;201;201;202;202;202;202;203;203;203;204;204;205;205;205;205;206;206;206;207;207;207;208;209;209;210;210;210;210;210;211;211;211;211;211,4;211,9;211,9;212,2;212,3;212,4;212,1;212,8;213,2;213,6;213,8
Gulvtæpper;163;162;163;163;163;162;162;162;163;162;163;163;163;163;164;164;164;164;164;162;162;162;162;162;161;162;162;162;162;162;162;162;162;162;162;162;162;162;162;162;162;162;162;162;162;162;162;162;161;162;163;163;163;163;163;164;164;164;163;163;163;164;164;164;164;163;163;163;163;164;164;164;162,7;162,4;162,6;162,7;162,8;162,8;162,8;162,2;163,7;164,3;165;165,5
Reparation, ombetrækning;227;227;228;228;228;228;228;228;229;229;229;229;229;229;231;231;231;231;231;231;238;238;238;238;238;238;241;241;241;241;241;241;242;242;242;242;242;242;249;249;249;249;249;249;250;250;250;250;250;250;260;260;260;260;260;260;261;261;261;261;261;261;269;269;269;269;269;269;270;270;270;270;270,3;270,3;278,7;278,7;278,7;278,7;278,7;278,7;282,4;282,4;282,4;282,4
Gardiner, sengelinned m.v.;168;168;171;170;169;170;169;167;170;170;172;171;172;172;173;173;174;174;174;172;174;174;174;175;172;173;172;175;175;175;174;174;179;178;177;177;176;176;177;177;178;177;176;176;179;179;180;180;180;180;181;180;180;180;179;176;183;183;184;186;183;187;189;188;187;188;186;185;190;190;189;190;188,9;190,5;191,5;190,6;191;191,1;190;189,9;192,5;192,7;192;193,4
Reparation;210;210;210;210;218;218;218;218;218;218;222;222;222;222;222;222;228;228;228;240;240;240;245;245;245;245;245;245;247;247;247;255;255;255;255;255;255;255;255;255;257;257;257;265;265;265;273;273;273;275;275;275;275;275;275;280;280;280;280;280;280;280;280;280;280;280;280;286;286;286;286;286;285,5;285,4;285,4;285,4;291,9;291,9;291,9;294,4;294,4;294,4;300,4;300,4
Husholdningsmaskiner;148;148;148;148;148;149;148;148;147;148;148;148;147;147;147;147;147;147;146;146;146;146;146;146;145;145;144;145;145;145;144;144;144;144;144;144;144;143;143;143;143;143;142;142;142;141;142;142;141;141;141;142;142;141;140;141;142;142;142;142;141;142;143;143;143;143;143;143;144;145;145;145;144,9;144,5;144,7;144,4;144,5;144,9;144,1;143,4;144,3;143,8;143,5;143,5
Reparation af husholdningsmaskiner;240;240;242;242;242;242;242;242;245;245;245;245;245;245;249;249;249;249;249;249;254;254;254;254;254;254;259;259;259;259;259;259;262;262;262;262;262;264;264;264;269;269;269;271;271;271;271;271;271;281;281;281;281;281;281;284;284;284;285;285;285;287;287;287;290;290;290;292;292;292;293;293;292,8;293,7;293,7;293,7;298;298;298;303,7;303,7;303,7;306,8;306,8
Service og køkkenudstyr;199;198;199;199;199;199;199;199;199;199;200;200;201;201;204;204;205;205;207;207;207;208;208;209;209;210;211;212;213;214;213;213;214;215;215;215;215;216;216;217;217;217;217;217;218;218;218;217;218;220;220;220;221;221;221;223;223;223;222;222;223;223;224;226;228;228;227;227;228;228;229;229;228,8;229,7;230,1;230,3;230,3;230,6;230,6;230,4;229,4;230,2;230,7;231
Vaske- og rengøringsmidler;173;172;174;173;173;173;173;173;172;172;172;172;172;173;173;173;174;173;173;173;172;172;172;172;172;174;176;177;176;176;176;176;176;176;175;176;176;176;175;176;176;176;176;176;176;176;176;176;179;180;180;188;191;196;196;197;198;200;200;200;201;211;211;210;208;210;211;211;211;210;210;210;209,7;209,7;209,3;209,1;209,2;209,2;210,8;211,4;211,8;211,8;211,1;210,3
Andre ikke-varige produkter til husholdning;165;165;165;165;165;165;164;164;164;165;165;165;170;170;171;173;174;174;175;175;176;176;175;176;176;177;179;177;178;178;178;178;178;178;178;178;179;179;179;178;178;178;179;179;179;178;177;177;178;178;178;178;178;178;178;178;178;178;180;180;179;181;182;182;182;182;182;182;183;182;183;183;183;182,7;181,1;182,2;183,9;184,2;183,7;187;184,1;183,9;185,2;185,6
Vask og rensning ude;202;202;204;204;204;204;204;205;205;205;205;206;208;208;208;209;210;210;210;211;212;212;213;213;215;215;216;218;218;219;219;220;221;221;222;223;224;224;225;226;227;228;228;228;228;227;228;231;233;233;234;236;237;240;240;240;241;245;242;242;242;242;243;243;244;244;244;244;244;244;244;245;246,4;246,4;247;248,6;248,6;248,8;249,8;249,8;250,1;250,4;251,9;252,6
Andre husholdningstjenester;188;188;190;190;190;190;190;190;190;190;190;190;192;192;193;193;193;193;193;193;193;194;194;194;197;197;199;199;199;199;199;199;199;199;199;199;201;201;204;204;204;204;204;204;204;204;204;204;206;206;206;206;208;208;208;208;208;208;208;208;210;210;214;214;214;214;214;214;214;214;214;214;290,2;290,2;291,4;292,4;292,4;292,4;292,4;292,4;292,4;294,8;294,8;294,8
Fremmed hjælp i hjemmet;206;206;209;210;210;210;210;210;215;215;215;215;215;215;219;219;219;219;219;219;219;219;219;219;219;219;223;224;224;224;224;224;224;224;224;224;224;224;228;229;229;229;229;229;229;229;229;229;229;233;233;234;238;238;238;238;238;239;239;239;239;239;243;243;243;243;243;243;248;248;248;248;248,7;248,7;250,1;254,5;254,5;254,5;255,6;255,6;255,6;256,7;256,7;257,1
Helseudgifter;228,3;228,9;229,2;229,8;229,8;230,3;229,8;229,9;229,9;230,4;230,6;230,5;230,5;230,7;230,6;232;232,1;232,2;230,1;229,8;229,7;229,3;229,4;229,4;229,7;229,6;229,6;230,8;230,8;230,8;230,7;230,8;230,8;231,4;231,4;231,4;231,5;231,5;231,7;233;233,3;233,1;232,7;232,8;232,8;232,7;232,7;232,7;232;231,3;231,3;233,8;234,2;234,3;236,8;237,1;237,3;237,4;237,4;237,4;237,6;237,6;237,6;237,5;237,5;237,5;237,2;237,4;237,4;239,4;239,5;239,5;240,5;240,6;240,6;240,1;240,1;240,2;240,5;240,6;240,5;245,8;246;246,1
Medicin og andre pharm. produkter;216;216;217;216;216;216;214;215;215;215;215;214;214;215;215;215;215;215;209;209;209;205;205;205;206;206;206;206;206;206;206;206;206;205;205;205;205;205;205;205;206;205;204;204;204;201;201;201;198;197;197;202;202;202;207;208;208;206;206;206;205;204;204;202;202;202;200;200;200;201;201;201;200,2;200,2;200,2;200;200;200;200;200;200;212,8;212,9;212,9
Briller og andre terapeutiske hjælpemidler;216;217;218;218;218;218;218;218;218;219;220;220;220;220;220;221;221;221;221;220;220;220;221;221;221;220;220;220;221;221;221;221;221;221;221;221;221;221;221;221;221;221;221;221;221;221;221;221;222;219;219;219;220;220;220;220;221;221;221;222;222;223;223;223;223;223;223;224;224;225;225;225;225,3;225,5;225,5;222,3;222,6;222,9;223,3;223,4;223,2;223,4;223,7;224,3
Læge;187;187;187;189;189;189;189;189;189;189;189;189;189;189;189;189;189;189;189;189;189;189;189;189;192;192;192;194;194;194;194;194;194;197;197;197;197;197;197;199;199;199;199;199;199;200;200;200;200;200;200;203;203;203;203;203;203;205;205;205;205;205;205;208;208;208;208;208;208;209;209;209;208,6;208,6;208,6;210,4;210,4;210,4;210,4;210,4;210,4;212;212;212
Tandlæge;223;223;223;225;225;226;226;226;226;227;227;227;227;227;227;231;231;231;231;231;231;232;232;232;232;232;232;235;235;235;235;235;235;238;238;238;238;238;238;242;242;242;242;242;242;245;245;245;245;245;245;248;248;248;248;248;248;251;251;251;251;251;251;252;252;252;252;252;252;258;258;258;257,9;257,9;257,9;258,4;258,4;258,4;258,4;258,4;258,4;260,6;260,6;260,6
Anden behandling, privathospital;325;325;325;328;328;328;328;328;328;328;328;328;328;328;328;332;332;332;332;332;332;337;337;337;337;337;337;341;341;341;341;341;341;343;343;343;344;344;344;346;346;346;348;348;348;348;348;348;353;353;353;353;356;356;360;360;360;362;362;362;367;367;367;369;369;369;371;371;371;371;371;371;375,2;375,2;375,2;376,8;376,8;376,8;378,2;378,5;378,5;380,3;380,3;380,3
Transport;191,4;191,9;191,6;192,9;193,4;194,4;195,5;195,9;194,4;195,4;195,7;195,7;197,2;197,9;198;199,5;200,4;200,2;200,2;200,7;200,3;200,7;201,6;201;202;202,2;203,5;205,3;205,4;205;205,5;204,6;205,1;206,2;205,7;205,4;206,6;206,9;206,8;206,7;207,6;208,4;209,1;211,2;210,2;209,3;208,9;208,7;208,7;209,6;209,5;209,6;210,2;210,1;211,2;211,3;211,2;211,7;211,5;211,1;214,8;214,6;216,3;217,9;218,7;219,4;220,8;221,7;221,6;223;223,1;223,9;224,3;226,6;229,6;228,2;229,8;232,1;231,6;230,8;232,2;231;230,9;228,5
Transport og kommunikation;190,9;191,3;191,1;192,2;192,6;193,5;194,6;194,9;193,6;194,4;194,7;194,7;196,1;196,7;196,8;198,2;198,9;198,8;198,8;199,2;198,9;199,2;200;199,4;200,3;200,6;201,7;203,3;203,4;203,1;203,5;202,7;203,2;204,1;203,7;203,5;204,4;204,8;204,6;204,6;205,3;206;206,6;208,4;207,6;206,8;206,5;206,3;206,3;207,1;207;206,9;207,4;207,3;208,2;208,4;208,1;208,6;208,4;207,9;211;210,8;212,3;213,6;214,4;214,9;215,4;217;216,8;218;218,1;218,9;218,8;220,8;221,4;217,6;220,1;225,5;224,1;223,5;224,6;223,5;223,5;221,3
Anskaffelse af egen bil;174;174;174;174;174;174;175;175;175;175;176;176;176;177;177;177;177;177;176;177;175;176;177;177;176;176;176;177;177;177;177;177;177;177;177;176;176;176;175;176;175;177;178;178;178;179;179;179;179;179;179;179;180;180;181;182;183;184;185;185;186;186;186;186;186;187;187;186;185;185;185;184;183,9;184,6;184,1;184;184;184,6;184,6;184,7;184;184,2;184,3;184,1
Anskaffelse af andet køretøj;180;180;180;180;183;183;183;183;183;183;183;184;183;183;184;184;185;185;185;185;185;185;185;185;186;186;186;186;189;189;189;189;189;189;189;190;189;189;189;189;192;192;192;192;192;192;192;192;193;193;194;194;196;196;196;196;196;197;197;198;197;198;198;198;199;199;199;199;199;200;200;199;198,4;200;200,2;198,5;201,5;202,9;203,3;203,6;203,6;204;204,5;204,5
Materialer, reservedele til eget køretøj;216;217;218;218;219;218;219;221;220;220;220;220;221;221;221;221;221;222;222;222;222;223;223;223;223;223;224;224;224;224;224;224;224;225;225;226;226;227;227;227;227;227;227;228;228;228;228;228;229;230;230;230;230;230;231;231;231;231;231;231;232;232;232;232;232;232;233;234;235;236;235;235;234,5;234,2;236,8;237,3;237,5;237,3;238,2;238,4;238,6;239,1;238,9;238,9
Reparationsydelser på eget køretØj;268;268;270;270;271;272;273;272;273;274;274;274;274;274;274;277;278;281;282;282;283;283;284;284;284;284;285;287;288;291;291;291;292;294;295;296;296;297;298;298;299;301;301;302;303;305;305;305;306;314;314;315;316;318;318;318;318;318;318;318;319;322;324;328;330;332;332;333;336;343;344;344;347,4;348,5;352,8;354,1;355,5;356,5;357,8;362,5;364,3;364,4;365,6;363,3
Benzin og olie;122;122;120;125;126;126;125;128;123;123;124;122;132;134;131;136;138;135;133;135;136;134;136;133;139;140;145;150;151;146;149;146;147;149;147;146;149;151;150;148;151;149;148;158;153;151;150;148;148;147;145;146;147;146;147;145;144;144;142;139;150;150;153;158;160;159;164;170;169;169;169;174;172,9;179,4;190,3;184,7;189,2;195,4;193,4;188;196,5;189,9;188;180,5
Andre udgifter til eget køretøj;214;214;214;214;214;214;214;214;214;214;215;215;216;216;216;216;217;217;217;217;217;217;218;218;220;220;220;219;220;220;222;222;222;222;223;224;227;227;227;227;230;230;230;230;230;229;229;230;232;232;232;232;235;235;235;235;235;235;236;236;240;241;241;241;242;242;242;242;242;242;249;249;250,4;251;250,9;250,9;252;252;251,4;251,7;251,7;254;254,1;254,1
Hyrevogn, flytning m.v.;215;215;215;215;215;215;215;215;215;220;220;220;220;220;232;233;233;233;233;233;233;233;233;233;234;234;234;234;234;242;242;243;243;243;243;243;243;243;243;244;244;244;244;246;246;246;246;246;247;247;247;248;248;248;248;249;249;249;250;251;252;252;252;252;252;252;254;256;259;259;261;263;264,8;264,8;266;266;266;269,4;270,6;272,5;272,5;272,5;272,5;272,7
Bustakster i nærtrafik;306;314;314;314;314;314;316;316;316;316;316;316;317;317;317;320;320;320;320;320;320;320;320;320;325;325;325;326;326;326;326;326;326;326;326;326;335;335;335;335;335;335;335;335;335;312;312;312;312;312;312;312;312;312;312;312;312;312;312;312;322;322;322;322;322;322;322;322;322;322;322;322;335,4;335,4;335,4;335,4;335,4;335,4;335,8;335,8;335,8;336,3;336,3;336,3
DSB tog/færger;241;241;239;239;239;261;261;261;242;242;242;242;239;239;239;239;246;248;248;248;246;246;246;246;242;242;242;242;242;242;242;242;242;242;242;242;252;251;251;251;251;253;253;254;253;262;262;262;264;264;264;264;264;252;252;252;252;252;251;251;260;260;260;260;260;260;264;264;264;264;264;264;267,2;272,4;272,4;272,4;272,4;272,4;272,5;272,5;272,6;272,8;272,8;272,8
Skibsruter;222;225;224;226;228;238;248;238;228;228;225;225;227;229;230;231;233;233;253;233;233;233;229;229;231;233;239;241;241;251;263;241;241;240;239;239;242;243;243;236;236;255;263;236;236;233;233;233;238;241;240;244;245;263;246;237;232;230;230;232;233;238;250;241;241;241;281;275;247;247;244;244;243,9;245,3;244,8;247,4;259,3;259,6;250,8;250,8;223,5;224,4;222,1;223,9
Fly;240;240;240;244;244;244;263;263;263;274;274;274;269;269;269;261;261;261;269;269;269;275;275;275;273;273;273;273;261;261;252;252;252;260;261;261;246;246;246;262;262;262;279;279;279;281;281;281;271;271;267;256;256;256;275;275;275;281;276;273;269;250;272;274;274;287;278;261;275;289;281;287;287,8;279,8;277,9;276,4;281,8;304,7;295,4;293,5;272,2;281,1;304;283,9
Telefon og porto;186,2;186,2;186,2;186,1;186,1;186,1;186,1;186,1;186,1;186,1;186,1;186,1;186,1;186,1;186,1;186,1;186,1;186,1;186,1;186,1;186,1;186,1;186,1;186,1;186,1;186,1;186,1;186,1;186,1;186,1;186,1;186,1;186,1;186,1;186,1;186,1;186,1;186,1;186,1;186,1;186,1;186,1;186,1;186,1;186,1;186,1;186,1;186,1;186,1;186,1;186,1;184,3;184,3;184,3;184,3;184,9;183,7;183,2;183,1;182,4;181,2;181;180,9;180,7;180,9;180,7;174,7;180,8;180,6;180,7;180,6;180,6;177,4;177,4;177,3;177,1;176,4;175,9;168,4;168,9;168,4;168;168,1;167,6
Porto;281;281;281;281;281;281;281;281;281;281;281;281;281;281;281;281;281;281;281;281;281;281;281;281;281;281;281;281;281;281;281;281;281;281;281;281;281;281;281;281;281;281;281;281;281;281;281;281;281;281;281;281;281;281;281;281;281;281;281;281;291;291;291;291;291;291;291;291;291;291;291;291;291,8;291,8;291,8;291,8;291,8;291,8;291,8;291,8;291,8;291,8;291,8;291,8
Telefon;179;179;179;179;179;179;179;179;179;179;179;179;179;179;179;179;179;179;179;179;179;179;179;179;179;179;179;179;179;179;179;179;179;179;179;179;179;179;179;179;179;179;179;179;179;179;179;179;179;179;179;177;177;177;177;177;176;176;176;175;173;173;173;173;173;173;166;173;172;172;172;172;169,1;169,1;169;168,8;168,1;167,6;159,9;160,5;159,9;159,5;159,6;159,1
Fritidsudstyr, underholdning;191,1;191,4;191,5;192,3;192,4;193,1;192,9;193;193,3;193,3;193,9;194,5;195,9;196,3;196,4;197;197,4;197,7;197,5;197,5;197,8;198,1;198,4;198,4;198,7;199,3;199,4;199,8;200,2;199,8;199,9;200,7;201,4;200,7;201;201;201,9;202;201,9;201,8;201,9;202,1;202,1;201,7;202;202,3;202,5;202,8;203,5;203,6;203,8;203,3;203,7;204,4;204;203,8;204;203,9;204,9;205,4;206,3;207,1;207,1;208,3;208,7;208,8;208,7;208,8;208,4;208,7;209,1;209,4;210,1;210,3;210,4;211,9;213,3;213,7;214,5;214,6;214,8;214,5;214,9;215,1
Radio- og tv-apparater;81;81;81;81;81;81;81;80;80;80;80;79;79;79;79;79;78;78;77;77;77;77;76;76;76;76;76;76;76;76;75;75;75;75;75;75;74;74;74;74;74;73;73;73;73;73;73;73;73;73;73;73;73;73;72;72;72;72;71;71;71;70;70;70;70;70;70;70;69;69;69;69;68,7;68,5;68,4;68,2;68,2;68,1;67,8;67,9;68,1;68;68;68,1
Fotoudstyr;100;101;101;101;101;101;101;102;101;101;101;100;100;99;99;99;99;97;97;97;98;98;98;97;98;97;98;98;97;96;96;97;97;96;95;95;95;94;94;94;94;94;93;93;93;93;93;93;93;93;93;93;92;92;92;92;92;92;92;91;91;91;91;89;88;88;87;87;86;87;87;87;86,2;86;85,5;84,8;84,9;84,3;83,9;83,5;82,9;82,6;82,4;81,8
Andre varige forbrugsgoder til fritid;153;151;152;151;150;151;151;151;151;151;151;151;151;151;151;151;151;151;151;151;150;150;150;150;150;148;148;148;148;148;147;147;147;140;140;140;134;134;134;130;130;130;130;130;130;124;124;124;121;121;121;114;114;114;110;110;110;106;106;106;101;101;101;97;96;96;96;97;97;94;94;94;92,3;92,4;92,4;93,1;93,7;93,8;94,8;94,8;94,9;91,9;91,8;91,7
CDere og bånd;150;152;152;153;155;155;155;155;155;156;156;156;156;156;156;156;156;156;156;156;156;155;156;156;144;142;141;141;141;141;142;141;142;140;139;138;137;136;136;136;136;137;137;137;137;136;136;136;136;136;136;136;136;136;137;136;136;136;136;137;136;136;136;136;136;135;135;135;135;135;136;136;135,8;135,8;135,7;136,1;136,1;136;136;137,5;137,2;137,2;137,2;137,7
Sports- og campingudstyr;145;145;145;145;145;144;144;142;144;144;144;144;144;144;144;144;144;143;144;144;144;145;145;145;146;146;145;144;143;143;143;143;143;143;142;142;142;142;141;142;142;142;142;142;142;142;141;141;141;141;141;141;141;140;139;139;139;139;139;138;139;138;139;139;140;139;139;140;140;139;139;140;136,5;136,8;138,3;138,8;138,6;138,7;139,2;139;139,3;139,6;138;137,9
Legetøj;204;204;205;205;205;205;205;205;205;205;203;202;204;205;205;205;204;204;204;205;205;205;203;203;203;204;204;204;204;204;204;204;204;204;204;203;203;203;203;204;204;204;204;205;205;204;202;202;207;207;207;208;209;208;208;208;208;208;208;208;208;209;209;209;209;209;209;209;209;209;208;208;207,8;208;208;209,6;209,6;209,6;209,6;211,1;207,9;208,8;209,2;207,7
Film, materialer til foto;200;200;200;200;199;201;201;201;200;200;200;200;201;200;200;200;200;199;197;197;197;197;197;197;197;198;198;198;198;197;197;198;198;198;198;198;198;198;198;198;198;199;199;199;199;198;198;198;198;199;199;199;199;199;199;198;198;198;199;202;203;207;208;208;208;208;212;212;212;212;212;212;212,8;216,1;216,2;215,4;215,5;213,2;213,6;213,6;213,5;213,5;214,9;215
Planter;190;190;190;190;190;190;190;190;190;190;190;201;201;201;201;201;203;203;203;203;203;203;205;205;205;205;205;205;206;206;206;206;206;206;210;210;210;210;210;210;214;214;214;214;214;214;219;219;219;219;219;219;219;222;222;222;222;222;222;225;225;225;225;225;225;228;228;228;228;228;228;232;231,7;231,7;231,7;235,3;236,1;236,4;236,4;237,3;237,3;238,4;240,1;240,2
Kæledyr, foder, udstyr;164;164;164;164;158;166;166;166;165;157;168;168;168;171;175;177;174;174;174;175;174;172;169;169;168;170;170;170;171;171;171;171;172;169;172;172;173;173;173;172;174;176;178;172;172;173;173;173;173;173;175;175;175;175;175;175;175;175;176;177;180;184;184;185;185;183;182;184;184;184;183;184;184,5;184,6;185,1;185,4;185,3;185,6;185,8;185,9;186,2;186,5;186,2;186,4
Andre materialer til hobbybrug;230;232;232;232;233;232;231;238;240;241;245;247;248;248;251;251;251;251;253;252;251;251;251;255;255;258;258;261;261;261;265;265;265;265;248;248;248;248;248;248;248;248;248;248;248;248;248;248;248;248;250;252;252;254;254;254;244;247;247;247;247;308;308;308;308;308;308;311;312;312;312;312;312,3;312,3;312,3;305,1;305,1;305,1;305,1;310,6;310,6;310,6;310,6;310,6
Reparation af fritidsudstyr, tilbehør;154;154;154;156;157;157;157;157;156;156;156;156;156;157;157;157;157;157;156;156;156;156;156;156;156;156;156;156;156;156;156;156;156;156;156;156;156;156;157;157;158;158;158;158;158;158;158;158;158;158;158;158;158;159;159;159;159;157;157;157;158;158;155;155;155;155;155;155;155;155;156;157;156,9;159,2;159,2;160,8;160,8;163,6;163,6;164,4;164,4;163,4;163,4;164
Teater, biograf m.v.;228;228;228;228;228;228;228;229;231;231;231;231;231;232;232;232;232;232;232;232;236;236;239;239;239;239;239;239;239;239;239;239;245;245;246;246;246;246;246;246;248;248;248;248;255;254;255;255;255;256;256;256;256;256;256;257;263;263;265;265;265;273;273;273;275;275;275;279;282;282;285;285;285,1;286;286;286;286,3;286,3;286,3;286,9;297,4;297,4;297,7;297,7
Andre forlystelser;320;320;320;332;344;344;344;344;344;344;344;344;344;344;344;356;356;356;356;356;356;356;356;356;356;356;356;356;357;357;357;357;357;357;357;357;357;357;357;357;343;343;343;343;343;343;343;343;349;349;349;349;354;385;385;355;356;356;356;356;357;357;357;362;370;378;423;423;383;392;393;392;392,2;388,7;393,2;396,3;399;400,9;425,2;415,2;408,4;408,4;408,1;408,1
Udgifter til sport m.v.;336;338;337;337;341;341;341;341;343;343;343;343;346;346;346;346;352;352;352;352;354;354;354;354;354;354;354;355;361;361;361;361;361;361;361;361;362;366;366;366;366;366;366;366;366;366;366;366;379;382;382;382;385;385;385;385;385;385;385;385;414;418;418;418;418;418;418;405;405;405;424;424;425,2;429,9;429,9;429,9;426,2;426,2;426,2;415,1;415,1;416,4;423,9;426,1
Radio- og tv-licens;163;163;163;164;164;164;162;162;162;162;162;162;167;167;167;167;167;167;166;166;166;166;166;166;169;169;169;169;169;169;169;169;169;169;169;169;172;172;172;171;171;171;173;173;173;173;173;173;177;177;177;177;177;177;177;177;177;177;177;177;182;182;182;181;181;181;182;182;182;182;182;182;190,4;190,5;190,5;190,7;190,7;190,7;192,7;192,7;192,7;192,7;192,7;192,7
Andre tjenester;190;192;192;199;199;199;196;196;196;197;200;200;200;200;200;201;201;201;201;201;201;203;203;203;203;203;203;208;208;208;209;209;209;211;211;210;210;211;211;216;216;216;216;212;212;218;217;217;216;216;217;220;220;220;221;223;223;225;225;230;230;230;230;240;240;238;238;238;238;237;237;237;236,9;236,9;236,9;238,2;250,9;250,9;251,3;251,1;251,3;251,9;255,9;255,9
Bøger;249;250;250;250;252;252;252;253;253;253;254;254;254;258;258;258;260;260;260;259;259;259;262;262;262;264;264;264;267;267;267;270;270;270;270;270;270;275;275;275;276;276;276;277;277;277;278;278;278;279;279;279;281;281;281;283;283;283;285;285;285;286;286;286;290;290;290;286;286;286;294;294;293,7;295,9;288,3;288,3;293,6;293,6;293,6;299,2;299,2;299,6;294,8;294,8
Aviser og blade;264;265;265;266;266;267;267;268;269;270;272;271;274;275;275;275;276;279;280;280;282;284;284;284;284;289;290;291;291;287;287;295;296;297;298;301;301;301;302;303;303;304;304;304;305;306;307;311;313;314;314;314;315;315;315;317;317;317;319;322;323;326;326;326;327;327;328;329;330;331;332;332;336,9;337,2;340;340,2;340,8;341,4;342,3;342,5;342,9;342,9;342,9;345
Undervisning;244;244;244;244;244;249;249;249;249;252;252;252;252;252;252;254;255;255;255;255;256;256;258;258;258;258;258;258;260;260;260;260;263;263;263;263;263;263;263;263;263;263;263;263;264;269;269;269;269;269;269;269;269;268;268;271;272;276;276;276;276;276;276;276;276;276;266;266;268;273;273;273;273,1;273,1;273,1;273,1;273,1;278,7;280,7;280,7;281,7;285,7;285,7;285,7
Daginstitutioner;248;248;248;249;249;249;249;249;249;249;249;249;256;256;256;256;259;259;259;259;259;259;259;259;264;264;264;267;267;267;267;267;267;267;267;267;279;279;279;279;279;279;279;279;279;279;279;279;279;279;279;279;279;279;279;279;279;279;290;290;290;290;290;305;305;305;305;305;305;305;305;305;304,6;304,6;304,6;316,5;316,5;316,5;316,5;316,5;316,5;316,5;316,5;316,5
Andre varer og tjenester;189,9;189,9;190;191;191,4;191,4;191;191;191,5;191,7;192,1;192,6;193,5;193,8;194,1;194,4;195;195,1;194,2;194,2;195,5;196,3;196,7;196,1;197;197,3;198,6;199,1;199,8;200,2;200,5;200,7;200,7;201;201,2;201,2;201,6;202,1;202,8;203,2;203,8;205;205,5;205,8;205,9;206,2;206,3;206,5;206,8;206,5;207;208,4;209,2;209,9;210,5;210,9;211;211,3;211,5;211,6;212;212,6;213,1;214;214,8;216,6;217;217,4;217,4;217,6;217,8;217,9;218,6;219,4;220,4;221;221,4;222,1;222,8;223,1;223,4;223,7;223,9;224,5
Frisørbehandling;229;229;233;235;235;235;235;235;235;235;236;236;236;237;242;244;244;245;245;245;245;245;245;245;245;245;257;258;258;258;258;261;261;261;261;261;261;261;262;267;269;269;269;269;269;269;269;270;270;270;276;279;281;281;282;283;286;287;287;287;287;287;294;296;297;297;297;297;299;299;298;299;299,4;299,5;305,8;309,1;309;309,1;309,1;309,4;309,7;309,7;310;310,1
Varige artikler til personlig pleje;124;122;122;122;122;122;122;122;122;122;122;122;121;122;122;122;122;122;121;122;123;124;126;126;126;126;125;126;127;127;127;126;127;127;127;128;128;129;127;127;126;127;126;126;126;126;126;126;126;127;127;129;128;130;130;131;132;133;133;133;134;135;135;138;138;140;140;140;140;140;140;140;139,6;139,6;139,6;139,2;140,3;140,3;140,3;140,7;141,1;142,2;142,9;142,9
Ikke-varige toiletartikler;167;168;168;168;168;167;168;168;169;169;169;166;167;170;169;169;170;170;169;168;168;170;170;170;171;171;172;172;174;175;175;174;174;174;172;173;174;174;174;174;173;173;175;176;177;177;177;177;178;178;179;181;181;182;182;182;183;183;183;183;186;189;189;188;189;189;190;190;190;190;190;190;191,6;192,9;192,9;194,3;194,3;194,7;194,7;195,2;195,4;195,5;195,2;197,3
Ure og smykker;149;149;149;149;149;150;150;150;150;150;150;150;150;150;150;150;150;150;150;151;151;151;151;151;151;151;151;151;151;151;151;151;152;152;152;152;152;152;152;152;152;152;152;152;152;152;152;152;152;152;154;154;154;154;154;154;154;154;154;154;154;154;154;155;154;154;155;155;155;155;155;155;154,8;154,8;154,8;155;155,1;155,1;155,1;155,3;155,3;155,4;156,1;156,8
Andre artikler til personlig brug;175;171;171;171;171;165;165;165;163;165;165;168;168;168;166;166;166;166;166;166;166;166;167;167;167;167;169;169;170;170;169;169;168;168;168;162;162;161;171;171;171;171;171;170;170;170;169;169;169;169;169;169;169;170;167;169;170;170;171;169;166;168;168;169;169;168;166;166;166;167;166;167;165,8;166,8;166,8;166,4;166,4;166,6;166,6;165,9;166,1;166,4;166,4;165,8
Papir og skrivemateriel;217;219;219;219;218;218;218;219;218;219;219;219;219;221;222;223;223;223;224;226;226;226;228;227;227;227;228;228;227;227;227;227;227;226;225;225;225;225;226;226;225;225;227;228;228;231;231;230;231;231;231;236;238;238;238;238;239;238;239;239;236;236;237;237;236;237;237;237;237;237;238;238;233,5;241,3;240,9;238,3;238,4;238,3;237,6;239;241,1;241,5;243,5;245,1
Restaurant;187;187;186;187;187;187;187;187;187;188;188;189;191;191;191;191;191;191;189;189;192;193;193;192;192;193;193;194;194;194;195;195;195;196;196;197;197;198;198;199;199;199;200;200;200;201;201;201;201;200;201;203;203;203;204;205;204;205;205;205;206;206;207;208;208;209;210;211;211;211;212;212;212,5;212,6;213,9;214,5;214,9;215,4;216,7;217,1;216,9;217,2;217,6;218,3
Overnatning, hotel m.v.;246;246;246;246;255;255;255;255;255;255;254;254;254;254;254;254;262;262;262;262;262;262;262;262;262;262;262;262;271;271;271;271;271;271;271;271;271;271;271;271;281;281;281;281;281;281;282;282;282;282;282;282;296;296;296;296;296;296;297;297;297;297;297;297;311;311;311;311;311;311;312;312;313,8;315;315,1;315,6;318,8;319,3;322,5;322,8;322,8;322,9;323;324
;;;;;;;;;;;;;;;;;;;;;;;;;;;;;;;;;;;;;;;;;;;;;;;;;;;;;;;;;;;;;;;;;;;;;;;;;;;;;;;;;;;;
;;;;;;;;;;;;;;;;;;;;;;;;;;;;;;;;;;;;;;;;;;;;;;;;;;;;;;;;;;;;;;;;;;;;;;;;;;;;;;;;;;;;
;;;;;;;;;;;;;;;;;;;;;;;;;;;;;;;;;;;;;;;;;;;;;;;;;;;;;;;;;;;;;;;;;;;;;;;;;;;;;;;;;;;;
;;;;;;;;;;;;;;;;;;;;;;;;;;;;;;;;;;;;;;;;;;;;;;;;;;;;;;;;;;;;;;;;;;;;;;;;;;;;;;;;;;;;
;;;;;;;;;;;;;;;;;;;;;;;;;;;;;;;;;;;;;;;;;;;;;;;;;;;;;;;;;;;;;;;;;;;;;;;;;;;;;;;;;;;;
;;;;;;;;;;;;;;;;;;;;;;;;;;;;;;;;;;;;;;;;;;;;;;;;;;;;;;;;;;;;;;;;;;;;;;;;;;;;;;;;;;;;
;;;;;;;;;;;;;;;;;;;;;;;;;;;;;;;;;;;;;;;;;;;;;;;;;;;;;;;;;;;;;;;;;;;;;;;;;;;;;;;;;;;;
;;;;;;;;;;;;;;;;;;;;;;;;;;;;;;;;;;;;;;;;;;;;;;;;;;;;;;;;;;;;;;;;;;;;;;;;;;;;;;;;;;;;
;;;;;;;;;;;;;;;;;;;;;;;;;;;;;;;;;;;;;;;;;;;;;;;;;;;;;;;;;;;;;;;;;;;;;;;;;;;;;;;;;;;;
;;;;;;;;;;;;;;;;;;;;;;;;;;;;;;;;;;;;;;;;;;;;;;;;;;;;;;;;;;;;;;;;;;;;;;;;;;;;;;;;;;;;
;;;;;;;;;;;;;;;;;;;;;;;;;;;;;;;;;;;;;;;;;;;;;;;;;;;;;;;;;;;;;;;;;;;;;;;;;;;;;;;;;;;;
;;;;;;;;;;;;;;;;;;;;;;;;;;;;;;;;;;;;;;;;;;;;;;;;;;;;;;;;;;;;;;;;;;;;;;;;;;;;;;;;;;;;
;;;;;;;;;;;;;;;;;;;;;;;;;;;;;;;;;;;;;;;;;;;;;;;;;;;;;;;;;;;;;;;;;;;;;;;;;;;;;;;;;;;;
;;;;;;;;;;;;;;;;;;;;;;;;;;;;;;;;;;;;;;;;;;;;;;;;;;;;;;;;;;;;;;;;;;;;;;;;;;;;;;;;;;;;
;;;;;;;;;;;;;;;;;;;;;;;;;;;;;;;;;;;;;;;;;;;;;;;;;;;;;;;;;;;;;;;;;;;;;;;;;;;;;;;;;;;;
;;;;;;;;;;;;;;;;;;;;;;;;;;;;;;;;;;;;;;;;;;;;;;;;;;;;;;;;;;;;;;;;;;;;;;;;;;;;;;;;;;;;
;;;;;;;;;;;;;;;;;;;;;;;;;;;;;;;;;;;;;;;;;;;;;;;;;;;;;;;;;;;;;;;;;;;;;;;;;;;;;;;;;;;;
;;;;;;;;;;;;;;;;;;;;;;;;;;;;;;;;;;;;;;;;;;;;;;;;;;;;;;;;;;;;;;;;;;;;;;;;;;;;;;;;;;;;
;;;;;;;;;;;;;;;;;;;;;;;;;;;;;;;;;;;;;;;;;;;;;;;;;;;;;;;;;;;;;;;;;;;;;;;;;;;;;;;;;;;;
;;;;;;;;;;;;;;;;;;;;;;;;;;;;;;;;;;;;;;;;;;;;;;;;;;;;;;;;;;;;;;;;;;;;;;;;;;;;;;;;;;;;
;;;;;;;;;;;;;;;;;;;;;;;;;;;;;;;;;;;;;;;;;;;;;;;;;;;;;;;;;;;;;;;;;;;;;;;;;;;;;;;;;;;;
;;;;;;;;;;;;;;;;;;;;;;;;;;;;;;;;;;;;;;;;;;;;;;;;;;;;;;;;;;;;;;;;;;;;;;;;;;;;;;;;;;;;
;;;;;;;;;;;;;;;;;;;;;;;;;;;;;;;;;;;;;;;;;;;;;;;;;;;;;;;;;;;;;;;;;;;;;;;;;;;;;;;;;;;;
;;;;;;;;;;;;;;;;;;;;;;;;;;;;;;;;;;;;;;;;;;;;;;;;;;;;;;;;;;;;;;;;;;;;;;;;;;;;;;;;;;;;
;;;;;;;;;;;;;;;;;;;;;;;;;;;;;;;;;;;;;;;;;;;;;;;;;;;;;;;;;;;;;;;;;;;;;;;;;;;;;;;;;;;;
;;;;;;;;;;;;;;;;;;;;;;;;;;;;;;;;;;;;;;;;;;;;;;;;;;;;;;;;;;;;;;;;;;;;;;;;;;;;;;;;;;;;
;;;;;;;;;;;;;;;;;;;;;;;;;;;;;;;;;;;;;;;;;;;;;;;;;;;;;;;;;;;;;;;;;;;;;;;;;;;;;;;;;;;;
;;;;;;;;;;;;;;;;;;;;;;;;;;;;;;;;;;;;;;;;;;;;;;;;;;;;;;;;;;;;;;;;;;;;;;;;;;;;;;;;;;;;
;;;;;;;;;;;;;;;;;;;;;;;;;;;;;;;;;;;;;;;;;;;;;;;;;;;;;;;;;;;;;;;;;;;;;;;;;;;;;;;;;;;;
;;;;;;;;;;;;;;;;;;;;;;;;;;;;;;;;;;;;;;;;;;;;;;;;;;;;;;;;;;;;;;;;;;;;;;;;;;;;;;;;;;;;
;;;;;;;;;;;;;;;;;;;;;;;;;;;;;;;;;;;;;;;;;;;;;;;;;;;;;;;;;;;;;;;;;;;;;;;;;;;;;;;;;;;;
;;;;;;;;;;;;;;;;;;;;;;;;;;;;;;;;;;;;;;;;;;;;;;;;;;;;;;;;;;;;;;;;;;;;;;;;;;;;;;;;;;;;
;;;;;;;;;;;;;;;;;;;;;;;;;;;;;;;;;;;;;;;;;;;;;;;;;;;;;;;;;;;;;;;;;;;;;;;;;;;;;;;;;;;;
;;;;;;;;;;;;;;;;;;;;;;;;;;;;;;;;;;;;;;;;;;;;;;;;;;;;;;;;;;;;;;;;;;;;;;;;;;;;;;;;;;;;
;;;;;;;;;;;;;;;;;;;;;;;;;;;;;;;;;;;;;;;;;;;;;;;;;;;;;;;;;;;;;;;;;;;;;;;;;;;;;;;;;;;;
;;;;;;;;;;;;;;;;;;;;;;;;;;;;;;;;;;;;;;;;;;;;;;;;;;;;;;;;;;;;;;;;;;;;;;;;;;;;;;;;;;;;
;;;;;;;;;;;;;;;;;;;;;;;;;;;;;;;;;;;;;;;;;;;;;;;;;;;;;;;;;;;;;;;;;;;;;;;;;;;;;;;;;;;;
;;;;;;;;;;;;;;;;;;;;;;;;;;;;;;;;;;;;;;;;;;;;;;;;;;;;;;;;;;;;;;;;;;;;;;;;;;;;;;;;;;;;
;;;;;;;;;;;;;;;;;;;;;;;;;;;;;;;;;;;;;;;;;;;;;;;;;;;;;;;;;;;;;;;;;;;;;;;;;;;;;;;;;;;;
;;;;;;;;;;;;;;;;;;;;;;;;;;;;;;;;;;;;;;;;;;;;;;;;;;;;;;;;;;;;;;;;;;;;;;;;;;;;;;;;;;;;
;;;;;;;;;;;;;;;;;;;;;;;;;;;;;;;;;;;;;;;;;;;;;;;;;;;;;;;;;;;;;;;;;;;;;;;;;;;;;;;;;;;;
;;;;;;;;;;;;;;;;;;;;;;;;;;;;;;;;;;;;;;;;;;;;;;;;;;;;;;;;;;;;;;;;;;;;;;;;;;;;;;;;;;;;
;;;;;;;;;;;;;;;;;;;;;;;;;;;;;;;;;;;;;;;;;;;;;;;;;;;;;;;;;;;;;;;;;;;;;;;;;;;;;;;;;;;;
;;;;;;;;;;;;;;;;;;;;;;;;;;;;;;;;;;;;;;;;;;;;;;;;;;;;;;;;;;;;;;;;;;;;;;;;;;;;;;;;;;;;
;;;;;;;;;;;;;;;;;;;;;;;;;;;;;;;;;;;;;;;;;;;;;;;;;;;;;;;;;;;;;;;;;;;;;;;;;;;;;;;;;;;;
;;;;;;;;;;;;;;;;;;;;;;;;;;;;;;;;;;;;;;;;;;;;;;;;;;;;;;;;;;;;;;;;;;;;;;;;;;;;;;;;;;;;
;;;;;;;;;;;;;;;;;;;;;;;;;;;;;;;;;;;;;;;;;;;;;;;;;;;;;;;;;;;;;;;;;;;;;;;;;;;;;;;;;;;;
;;;;;;;;;;;;;;;;;;;;;;;;;;;;;;;;;;;;;;;;;;;;;;;;;;;;;;;;;;;;;;;;;;;;;;;;;;;;;;;;;;;;
;;;;;;;;;;;;;;;;;;;;;;;;;;;;;;;;;;;;;;;;;;;;;;;;;;;;;;;;;;;;;;;;;;;;;;;;;;;;;;;;;;;;
;;;;;;;;;;;;;;;;;;;;;;;;;;;;;;;;;;;;;;;;;;;;;;;;;;;;;;;;;;;;;;;;;;;;;;;;;;;;;;;;;;;;
;;;;;;;;;;;;;;;;;;;;;;;;;;;;;;;;;;;;;;;;;;;;;;;;;;;;;;;;;;;;;;;;;;;;;;;;;;;;;;;;;;;;
;;;;;;;;;;;;;;;;;;;;;;;;;;;;;;;;;;;;;;;;;;;;;;;;;;;;;;;;;;;;;;;;;;;;;;;;;;;;;;;;;;;;
;;;;;;;;;;;;;;;;;;;;;;;;;;;;;;;;;;;;;;;;;;;;;;;;;;;;;;;;;;;;;;;;;;;;;;;;;;;;;;;;;;;;
;;;;;;;;;;;;;;;;;;;;;;;;;;;;;;;;;;;;;;;;;;;;;;;;;;;;;;;;;;;;;;;;;;;;;;;;;;;;;;;;;;;;
;;;;;;;;;;;;;;;;;;;;;;;;;;;;;;;;;;;;;;;;;;;;;;;;;;;;;;;;;;;;;;;;;;;;;;;;;;;;;;;;;;;;
;;;;;;;;;;;;;;;;;;;;;;;;;;;;;;;;;;;;;;;;;;;;;;;;;;;;;;;;;;;;;;;;;;;;;;;;;;;;;;;;;;;;
;;;;;;;;;;;;;;;;;;;;;;;;;;;;;;;;;;;;;;;;;;;;;;;;;;;;;;;;;;;;;;;;;;;;;;;;;;;;;;;;;;;;
;;;;;;;;;;;;;;;;;;;;;;;;;;;;;;;;;;;;;;;;;;;;;;;;;;;;;;;;;;;;;;;;;;;;;;;;;;;;;;;;;;;;
;;;;;;;;;;;;;;;;;;;;;;;;;;;;;;;;;;;;;;;;;;;;;;;;;;;;;;;;;;;;;;;;;;;;;;;;;;;;;;;;;;;;
;;;;;;;;;;;;;;;;;;;;;;;;;;;;;;;;;;;;;;;;;;;;;;;;;;;;;;;;;;;;;;;;;;;;;;;;;;;;;;;;;;;;
;;;;;;;;;;;;;;;;;;;;;;;;;;;;;;;;;;;;;;;;;;;;;;;;;;;;;;;;;;;;;;;;;;;;;;;;;;;;;;;;;;;;
;;;;;;;;;;;;;;;;;;;;;;;;;;;;;;;;;;;;;;;;;;;;;;;;;;;;;;;;;;;;;;;;;;;;;;;;;;;;;;;;;;;;
;;;;;;;;;;;;;;;;;;;;;;;;;;;;;;;;;;;;;;;;;;;;;;;;;;;;;;;;;;;;;;;;;;;;;;;;;;;;;;;;;;;;
;;;;;;;;;;;;;;;;;;;;;;;;;;;;;;;;;;;;;;;;;;;;;;;;;;;;;;;;;;;;;;;;;;;;;;;;;;;;;;;;;;;;
;;;;;;;;;;;;;;;;;;;;;;;;;;;;;;;;;;;;;;;;;;;;;;;;;;;;;;;;;;;;;;;;;;;;;;;;;;;;;;;;;;;;
;;;;;;;;;;;;;;;;;;;;;;;;;;;;;;;;;;;;;;;;;;;;;;;;;;;;;;;;;;;;;;;;;;;;;;;;;;;;;;;;;;;;
;;;;;;;;;;;;;;;;;;;;;;;;;;;;;;;;;;;;;;;;;;;;;;;;;;;;;;;;;;;;;;;;;;;;;;;;;;;;;;;;;;;;
;;;;;;;;;;;;;;;;;;;;;;;;;;;;;;;;;;;;;;;;;;;;;;;;;;;;;;;;;;;;;;;;;;;;;;;;;;;;;;;;;;;;
;;;;;;;;;;;;;;;;;;;;;;;;;;;;;;;;;;;;;;;;;;;;;;;;;;;;;;;;;;;;;;;;;;;;;;;;;;;;;;;;;;;;
;;;;;;;;;;;;;;;;;;;;;;;;;;;;;;;;;;;;;;;;;;;;;;;;;;;;;;;;;;;;;;;;;;;;;;;;;;;;;;;;;;;;
;;;;;;;;;;;;;;;;;;;;;;;;;;;;;;;;;;;;;;;;;;;;;;;;;;;;;;;;;;;;;;;;;;;;;;;;;;;;;;;;;;;;
;;;;;;;;;;;;;;;;;;;;;;;;;;;;;;;;;;;;;;;;;;;;;;;;;;;;;;;;;;;;;;;;;;;;;;;;;;;;;;;;;;;;
;;;;;;;;;;;;;;;;;;;;;;;;;;;;;;;;;;;;;;;;;;;;;;;;;;;;;;;;;;;;;;;;;;;;;;;;;;;;;;;;;;;;
;;;;;;;;;;;;;;;;;;;;;;;;;;;;;;;;;;;;;;;;;;;;;;;;;;;;;;;;;;;;;;;;;;;;;;;;;;;;;;;;;;;;
;;;;;;;;;;;;;;;;;;;;;;;;;;;;;;;;;;;;;;;;;;;;;;;;;;;;;;;;;;;;;;;;;;;;;;;;;;;;;;;;;;;;
;;;;;;;;;;;;;;;;;;;;;;;;;;;;;;;;;;;;;;;;;;;;;;;;;;;;;;;;;;;;;;;;;;;;;;;;;;;;;;;;;;;;
;;;;;;;;;;;;;;;;;;;;;;;;;;;;;;;;;;;;;;;;;;;;;;;;;;;;;;;;;;;;;;;;;;;;;;;;;;;;;;;;;;;;
;;;;;;;;;;;;;;;;;;;;;;;;;;;;;;;;;;;;;;;;;;;;;;;;;;;;;;;;;;;;;;;;;;;;;;;;;;;;;;;;;;;;
;;;;;;;;;;;;;;;;;;;;;;;;;;;;;;;;;;;;;;;;;;;;;;;;;;;;;;;;;;;;;;;;;;;;;;;;;;;;;;;;;;;;
;;;;;;;;;;;;;;;;;;;;;;;;;;;;;;;;;;;;;;;;;;;;;;;;;;;;;;;;;;;;;;;;;;;;;;;;;;;;;;;;;;;;
;;;;;;;;;;;;;;;;;;;;;;;;;;;;;;;;;;;;;;;;;;;;;;;;;;;;;;;;;;;;;;;;;;;;;;;;;;;;;;;;;;;;
;;;;;;;;;;;;;;;;;;;;;;;;;;;;;;;;;;;;;;;;;;;;;;;;;;;;;;;;;;;;;;;;;;;;;;;;;;;;;;;;;;;;
;;;;;;;;;;;;;;;;;;;;;;;;;;;;;;;;;;;;;;;;;;;;;;;;;;;;;;;;;;;;;;;;;;;;;;;;;;;;;;;;;;;;
;;;;;;;;;;;;;;;;;;;;;;;;;;;;;;;;;;;;;;;;;;;;;;;;;;;;;;;;;;;;;;;;;;;;;;;;;;;;;;;;;;;;
;;;;;;;;;;;;;;;;;;;;;;;;;;;;;;;;;;;;;;;;;;;;;;;;;;;;;;;;;;;;;;;;;;;;;;;;;;;;;;;;;;;;
;;;;;;;;;;;;;;;;;;;;;;;;;;;;;;;;;;;;;;;;;;;;;;;;;;;;;;;;;;;;;;;;;;;;;;;;;;;;;;;;;;;;
;;;;;;;;;;;;;;;;;;;;;;;;;;;;;;;;;;;;;;;;;;;;;;;;;;;;;;;;;;;;;;;;;;;;;;;;;;;;;;;;;;;;
;;;;;;;;;;;;;;;;;;;;;;;;;;;;;;;;;;;;;;;;;;;;;;;;;;;;;;;;;;;;;;;;;;;;;;;;;;;;;;;;;;;;
;;;;;;;;;;;;;;;;;;;;;;;;;;;;;;;;;;;;;;;;;;;;;;;;;;;;;;;;;;;;;;;;;;;;;;;;;;;;;;;;;;;;
;;;;;;;;;;;;;;;;;;;;;;;;;;;;;;;;;;;;;;;;;;;;;;;;;;;;;;;;;;;;;;;;;;;;;;;;;;;;;;;;;;;;
;;;;;;;;;;;;;;;;;;;;;;;;;;;;;;;;;;;;;;;;;;;;;;;;;;;;;;;;;;;;;;;;;;;;;;;;;;;;;;;;;;;;
;;;;;;;;;;;;;;;;;;;;;;;;;;;;;;;;;;;;;;;;;;;;;;;;;;;;;;;;;;;;;;;;;;;;;;;;;;;;;;;;;;;;
;;;;;;;;;;;;;;;;;;;;;;;;;;;;;;;;;;;;;;;;;;;;;;;;;;;;;;;;;;;;;;;;;;;;;;;;;;;;;;;;;;;;
;;;;;;;;;;;;;;;;;;;;;;;;;;;;;;;;;;;;;;;;;;;;;;;;;;;;;;;;;;;;;;;;;;;;;;;;;;;;;;;;;;;;
;;;;;;;;;;;;;;;;;;;;;;;;;;;;;;;;;;;;;;;;;;;;;;;;;;;;;;;;;;;;;;;;;;;;;;;;;;;;;;;;;;;;
;;;;;;;;;;;;;;;;;;;;;;;;;;;;;;;;;;;;;;;;;;;;;;;;;;;;;;;;;;;;;;;;;;;;;;;;;;;;;;;;;;;;
;;;;;;;;;;;;;;;;;;;;;;;;;;;;;;;;;;;;;;;;;;;;;;;;;;;;;;;;;;;;;;;;;;;;;;;;;;;;;;;;;;;;
;;;;;;;;;;;;;;;;;;;;;;;;;;;;;;;;;;;;;;;;;;;;;;;;;;;;;;;;;;;;;;;;;;;;;;;;;;;;;;;;;;;;
;;;;;;;;;;;;;;;;;;;;;;;;;;;;;;;;;;;;;;;;;;;;;;;;;;;;;;;;;;;;;;;;;;;;;;;;;;;;;;;;;;;;
;;;;;;;;;;;;;;;;;;;;;;;;;;;;;;;;;;;;;;;;;;;;;;;;;;;;;;;;;;;;;;;;;;;;;;;;;;;;;;;;;;;;
;;;;;;;;;;;;;;;;;;;;;;;;;;;;;;;;;;;;;;;;;;;;;;;;;;;;;;;;;;;;;;;;;;;;;;;;;;;;;;;;;;;;
;;;;;;;;;;;;;;;;;;;;;;;;;;;;;;;;;;;;;;;;;;;;;;;;;;;;;;;;;;;;;;;;;;;;;;;;;;;;;;;;;;;;
;;;;;;;;;;;;;;;;;;;;;;;;;;;;;;;;;;;;;;;;;;;;;;;;;;;;;;;;;;;;;;;;;;;;;;;;;;;;;;;;;;;;
;;;;;;;;;;;;;;;;;;;;;;;;;;;;;;;;;;;;;;;;;;;;;;;;;;;;;;;;;;;;;;;;;;;;;;;;;;;;;;;;;;;;
;;;;;;;;;;;;;;;;;;;;;;;;;;;;;;;;;;;;;;;;;;;;;;;;;;;;;;;;;;;;;;;;;;;;;;;;;;;;;;;;;;;;
;;;;;;;;;;;;;;;;;;;;;;;;;;;;;;;;;;;;;;;;;;;;;;;;;;;;;;;;;;;;;;;;;;;;;;;;;;;;;;;;;;;;
;;;;;;;;;;;;;;;;;;;;;;;;;;;;;;;;;;;;;;;;;;;;;;;;;;;;;;;;;;;;;;;;;;;;;;;;;;;;;;;;;;;;
;;;;;;;;;;;;;;;;;;;;;;;;;;;;;;;;;;;;;;;;;;;;;;;;;;;;;;;;;;;;;;;;;;;;;;;;;;;;;;;;;;;;
;;;;;;;;;;;;;;;;;;;;;;;;;;;;;;;;;;;;;;;;;;;;;;;;;;;;;;;;;;;;;;;;;;;;;;;;;;;;;;;;;;;;
;;;;;;;;;;;;;;;;;;;;;;;;;;;;;;;;;;;;;;;;;;;;;;;;;;;;;;;;;;;;;;;;;;;;;;;;;;;;;;;;;;;;
;;;;;;;;;;;;;;;;;;;;;;;;;;;;;;;;;;;;;;;;;;;;;;;;;;;;;;;;;;;;;;;;;;;;;;;;;;;;;;;;;;;;
;;;;;;;;;;;;;;;;;;;;;;;;;;;;;;;;;;;;;;;;;;;;;;;;;;;;;;;;;;;;;;;;;;;;;;;;;;;;;;;;;;;;
;;;;;;;;;;;;;;;;;;;;;;;;;;;;;;;;;;;;;;;;;;;;;;;;;;;;;;;;;;;;;;;;;;;;;;;;;;;;;;;;;;;;
;;;;;;;;;;;;;;;;;;;;;;;;;;;;;;;;;;;;;;;;;;;;;;;;;;;;;;;;;;;;;;;;;;;;;;;;;;;;;;;;;;;;
;;;;;;;;;;;;;;;;;;;;;;;;;;;;;;;;;;;;;;;;;;;;;;;;;;;;;;;;;;;;;;;;;;;;;;;;;;;;;;;;;;;;
;;;;;;;;;;;;;;;;;;;;;;;;;;;;;;;;;;;;;;;;;;;;;;;;;;;;;;;;;;;;;;;;;;;;;;;;;;;;;;;;;;;;
;;;;;;;;;;;;;;;;;;;;;;;;;;;;;;;;;;;;;;;;;;;;;;;;;;;;;;;;;;;;;;;;;;;;;;;;;;;;;;;;;;;;
;;;;;;;;;;;;;;;;;;;;;;;;;;;;;;;;;;;;;;;;;;;;;;;;;;;;;;;;;;;;;;;;;;;;;;;;;;;;;;;;;;;;
;;;;;;;;;;;;;;;;;;;;;;;;;;;;;;;;;;;;;;;;;;;;;;;;;;;;;;;;;;;;;;;;;;;;;;;;;;;;;;;;;;;;
;;;;;;;;;;;;;;;;;;;;;;;;;;;;;;;;;;;;;;;;;;;;;;;;;;;;;;;;;;;;;;;;;;;;;;;;;;;;;;;;;;;;
;;;;;;;;;;;;;;;;;;;;;;;;;;;;;;;;;;;;;;;;;;;;;;;;;;;;;;;;;;;;;;;;;;;;;;;;;;;;;;;;;;;;
;;;;;;;;;;;;;;;;;;;;;;;;;;;;;;;;;;;;;;;;;;;;;;;;;;;;;;;;;;;;;;;;;;;;;;;;;;;;;;;;;;;;
;;;;;;;;;;;;;;;;;;;;;;;;;;;;;;;;;;;;;;;;;;;;;;;;;;;;;;;;;;;;;;;;;;;;;;;;;;;;;;;;;;;;
;;;;;;;;;;;;;;;;;;;;;;;;;;;;;;;;;;;;;;;;;;;;;;;;;;;;;;;;;;;;;;;;;;;;;;;;;;;;;;;;;;;;
;;;;;;;;;;;;;;;;;;;;;;;;;;;;;;;;;;;;;;;;;;;;;;;;;;;;;;;;;;;;;;;;;;;;;;;;;;;;;;;;;;;;
;;;;;;;;;;;;;;;;;;;;;;;;;;;;;;;;;;;;;;;;;;;;;;;;;;;;;;;;;;;;;;;;;;;;;;;;;;;;;;;;;;;;
;;;;;;;;;;;;;;;;;;;;;;;;;;;;;;;;;;;;;;;;;;;;;;;;;;;;;;;;;;;;;;;;;;;;;;;;;;;;;;;;;;;;
;;;;;;;;;;;;;;;;;;;;;;;;;;;;;;;;;;;;;;;;;;;;;;;;;;;;;;;;;;;;;;;;;;;;;;;;;;;;;;;;;;;;
;;;;;;;;;;;;;;;;;;;;;;;;;;;;;;;;;;;;;;;;;;;;;;;;;;;;;;;;;;;;;;;;;;;;;;;;;;;;;;;;;;;;
;;;;;;;;;;;;;;;;;;;;;;;;;;;;;;;;;;;;;;;;;;;;;;;;;;;;;;;;;;;;;;;;;;;;;;;;;;;;;;;;;;;;
;;;;;;;;;;;;;;;;;;;;;;;;;;;;;;;;;;;;;;;;;;;;;;;;;;;;;;;;;;;;;;;;;;;;;;;;;;;;;;;;;;;;
;;;;;;;;;;;;;;;;;;;;;;;;;;;;;;;;;;;;;;;;;;;;;;;;;;;;;;;;;;;;;;;;;;;;;;;;;;;;;;;;;;;;
;;;;;;;;;;;;;;;;;;;;;;;;;;;;;;;;;;;;;;;;;;;;;;;;;;;;;;;;;;;;;;;;;;;;;;;;;;;;;;;;;;;;
;;;;;;;;;;;;;;;;;;;;;;;;;;;;;;;;;;;;;;;;;;;;;;;;;;;;;;;;;;;;;;;;;;;;;;;;;;;;;;;;;;;;
;;;;;;;;;;;;;;;;;;;;;;;;;;;;;;;;;;;;;;;;;;;;;;;;;;;;;;;;;;;;;;;;;;;;;;;;;;;;;;;;;;;;
;;;;;;;;;;;;;;;;;;;;;;;;;;;;;;;;;;;;;;;;;;;;;;;;;;;;;;;;;;;;;;;;;;;;;;;;;;;;;;;;;;;;
;;;;;;;;;;;;;;;;;;;;;;;;;;;;;;;;;;;;;;;;;;;;;;;;;;;;;;;;;;;;;;;;;;;;;;;;;;;;;;;;;;;;
;;;;;;;;;;;;;;;;;;;;;;;;;;;;;;;;;;;;;;;;;;;;;;;;;;;;;;;;;;;;;;;;;;;;;;;;;;;;;;;;;;;;
;;;;;;;;;;;;;;;;;;;;;;;;;;;;;;;;;;;;;;;;;;;;;;;;;;;;;;;;;;;;;;;;;;;;;;;;;;;;;;;;;;;;
;;;;;;;;;;;;;;;;;;;;;;;;;;;;;;;;;;;;;;;;;;;;;;;;;;;;;;;;;;;;;;;;;;;;;;;;;;;;;;;;;;;;
;;;;;;;;;;;;;;;;;;;;;;;;;;;;;;;;;;;;;;;;;;;;;;;;;;;;;;;;;;;;;;;;;;;;;;;;;;;;;;;;;;;;
;;;;;;;;;;;;;;;;;;;;;;;;;;;;;;;;;;;;;;;;;;;;;;;;;;;;;;;;;;;;;;;;;;;;;;;;;;;;;;;;;;;;